####
#
# OBJ File Generated by Meshlab
#
####
# Object largebox.obj
#
# Vertices: 988
# Faces: 2000
#
####
vn 0.0029050 0.0678345 0.9976924
v 0.0405443 -0.1527144 0.1747207
vn -0.2038306 -0.9663152 0.1571244
v -0.1615991 -0.1212206 -0.0946218
vn -0.0233566 -0.0220900 0.9994832
v 0.0271458 0.1294063 0.1644417
vn -0.2458364 -0.9689711 0.0256797
v 0.0984379 -0.1914235 0.0024288
vn -0.2817972 -0.9593310 -0.0165641
v -0.0863341 -0.1361928 0.0213526
vn -0.0826466 0.0503796 0.9953047
v 0.1204118 -0.0261119 0.1654420
vn 0.9683416 -0.2492757 0.0132751
v 0.1713212 0.0248412 -0.0556576
vn -0.9720334 0.2343907 0.0145612
v -0.1385227 0.1098441 0.1047613
vn -0.9730365 0.2304083 0.0105797
v -0.1544578 0.0404397 -0.0028230
vn 0.2203279 -0.3091892 0.9251258
v 0.1098115 -0.1799397 0.1704345
vn -0.0212497 -0.7266901 -0.6866367
v -0.0958928 -0.1277788 -0.1730206
vn 0.3143415 0.3566772 -0.8797562
v -0.1035190 -0.1185583 -0.1790903
vn -0.9704220 0.2411951 0.0103066
v -0.1609330 0.0151806 -0.1171534
vn -0.0592073 -0.1698685 0.9836866
v -0.0927988 -0.1204748 0.1732333
vn 0.1503372 -0.8272187 0.5413947
v 0.1104080 -0.1875795 0.1661847
vn 0.7470613 -0.5288885 0.4027112
v 0.1181190 -0.1834927 0.1632473
vn 0.1332689 0.5613430 0.8167824
v 0.1182245 0.1306768 0.1619491
vn -0.9590980 0.2829768 0.0074313
v -0.1280068 0.1446511 -0.0165873
vn -0.0199052 0.0350990 0.9991856
v 0.1344038 -0.0372709 0.1685928
vn 0.0381651 0.5470021 -0.8362609
v 0.0056809 0.1528689 -0.1772599
vn 0.0133002 0.0794482 0.9967503
v 0.0756361 -0.1598051 0.1712518
vn -0.1543956 -0.3633857 0.9187561
v -0.1473564 -0.1091528 0.1732065
vn -0.2451018 -0.8349990 0.4926478
v -0.1260679 -0.1224323 0.1681361
vn 0.0385286 0.0636894 0.9972258
v 0.0571152 0.0154575 0.1645486
vn 0.7124964 -0.1462701 -0.6862608
v 0.1688045 0.0084507 -0.1620999
vn 0.2015032 0.9793823 0.0143845
v -0.0317302 0.1733667 0.0309020
vn 0.0310922 0.0178926 0.9993564
v -0.0493621 0.1228176 0.1605234
vn 0.0409759 0.0438260 0.9981985
v 0.1241219 -0.0891593 0.1702816
vn -0.2725212 -0.9620566 0.0133938
v 0.0192007 -0.1679990 0.0141647
vn -0.9641642 0.2652189 -0.0068152
v -0.1376472 0.1122364 0.0515268
vn -0.0494181 -0.2325888 -0.9713188
v -0.0512956 0.1490953 -0.1649065
vn 0.1424806 0.6763358 0.7226820
v -0.0690524 0.1828060 0.1595791
vn -0.9220877 0.2284005 -0.3123901
v -0.1675944 -0.0212557 -0.1593451
vn 0.0153969 0.0191684 0.9996977
v -0.0285051 -0.1330936 0.1732993
vn 0.3002627 0.9538442 0.0048482
v 0.1215761 0.1321938 0.0569491
vn -0.0398555 0.0218200 0.9989672
v 0.1105601 0.0109310 0.1654393
vn -0.2619007 -0.9374393 0.2293810
v -0.0318757 -0.1517988 0.1624832
vn -0.2531047 -0.8094124 0.5298959
v -0.0647779 -0.1411032 0.1664322
vn -0.1050984 0.0514768 0.9931287
v 0.0947866 0.0181972 0.1647871
vn 0.0598894 -0.9978742 0.0256977
v 0.1099740 -0.1953270 -0.0099756
vn 0.0018409 -0.1181659 0.9929922
v 0.0967484 -0.1676030 0.1726367
vn -0.9615662 0.2736290 0.0227520
v -0.1860810 -0.0847960 -0.0774136
vn -0.9989041 0.0412073 0.0221942
v -0.1923515 -0.1054889 -0.0579434
vn -0.9666480 0.2474429 -0.0660589
v -0.1510496 0.0548891 -0.0651338
vn -0.9103150 0.2338331 0.3415387
v -0.1629786 0.0126642 0.1593210
vn 0.2470572 0.9659489 0.0768467
v -0.0184788 0.1734864 0.1484948
vn 0.2749589 0.9591313 0.0668189
v 0.0939034 0.1412675 0.1509269
vn 0.0871137 0.2587247 0.9620150
v 0.0184799 0.1482747 0.1670381
vn 0.2989814 0.9298055 -0.2146437
v 0.0713027 0.1404930 -0.1564044
vn -0.0036276 0.0129798 0.9999092
v -0.0539440 -0.0782682 0.1673561
vn -0.1470808 -0.5386297 0.8296055
v 0.0911772 -0.1790372 0.1692453
vn 0.0040631 0.1325553 -0.9911673
v 0.1542911 -0.0271727 -0.1659298
vn -0.1517107 0.0061021 -0.9884061
v 0.1427179 -0.0468633 -0.1630692
vn 0.1476991 -0.2373137 0.9601392
v -0.1269929 0.1466538 0.1609405
vn 0.3650414 0.0132562 0.9308969
v -0.1236263 0.1666375 0.1612315
vn -0.9585177 0.2849299 -0.0076664
v -0.1653638 -0.0117070 0.1309060
vn -0.0639987 0.0505403 0.9966694
v 0.1278227 0.0431934 0.1652505
vn 0.2909091 0.9541998 -0.0698196
v 0.0746151 0.1439601 -0.0072161
vn -0.0658657 -0.3162566 0.9463844
v -0.0096491 -0.1502672 0.1723043
vn 0.0284515 0.1047583 0.9940907
v -0.0706407 -0.0999477 0.1686047
vn 0.0454226 0.0033223 0.9989623
v 0.0514236 -0.0288871 0.1676910
vn -0.9646343 0.2568015 -0.0594453
v -0.1669897 -0.0011497 0.0176959
vn 0.0311638 0.0872940 0.9956951
v -0.1049345 -0.0295647 0.1653937
vn -0.9292128 -0.1515294 -0.3370497
v -0.1896233 -0.1031997 -0.1518833
vn -0.0809762 -0.2927215 0.9527628
v 0.1048170 0.1045182 0.1700151
vn -0.9245635 0.2109590 -0.3172989
v -0.1616058 0.0040110 -0.1606773
vn -0.0148731 -0.0048993 0.9998774
v -0.0764569 -0.0615366 0.1663814
vn -0.2960218 -0.9550540 0.0155868
v 0.0071881 -0.1623467 0.1581113
vn 0.0122408 0.1269610 0.9918322
v 0.0586847 -0.1440992 0.1687874
vn 0.8333189 -0.5518482 0.0322996
v 0.1173375 -0.1863458 0.0889209
vn 0.6016232 -0.1878668 -0.7763734
v 0.1713344 0.0273721 -0.1618546
vn 0.2247695 0.8440368 0.4869092
v 0.0247223 0.1614319 0.1561248
vn 0.3915847 0.6980549 -0.5994839
v 0.1610818 0.1126670 -0.1793606
vn -0.0336809 0.0415056 0.9985704
v -0.0839046 0.1698993 0.1643114
vn 0.1833227 0.6219921 0.7612613
v 0.1445793 0.1247948 0.1626095
vn -0.3150956 0.1223545 -0.9411398
v -0.1371883 0.0733031 -0.1689786
vn -0.1075566 0.0644405 0.9921083
v 0.0763299 -0.1337738 0.1705996
vn 0.0247651 0.0254219 0.9993700
v 0.1309429 -0.0584774 0.1693244
vn 0.3013211 -0.0586550 0.9517170
v 0.1432668 -0.0541727 0.1672781
vn -0.0378679 -0.3461268 -0.9374232
v 0.1044091 0.1049023 -0.1640770
vn -0.2080584 -0.5273808 -0.8237604
v 0.0956543 0.1130788 -0.1662314
vn 0.2399237 0.9703949 -0.0277550
v -0.0092699 0.1625643 -0.0729123
vn -0.2707962 -0.4341677 0.8591669
v -0.1322740 0.1477532 0.1668209
vn -0.2939360 -0.9529071 -0.0746311
v 0.0456929 -0.1693618 0.1333061
vn 0.2705704 -0.1056700 -0.9568833
v -0.1118582 0.1471588 -0.1705871
vn 0.0791085 0.0137153 0.9967717
v 0.1569159 0.0344887 0.1657621
vn -0.8487375 -0.5184035 -0.1044150
v -0.1828332 -0.1066301 -0.1723893
vn 0.6327426 0.7743522 0.0039393
v 0.1868311 0.1108923 -0.1078430
vn 0.9935613 0.1131588 0.0055702
v 0.1912559 0.1030564 -0.0928876
vn -0.1263344 0.0882889 0.9880510
v -0.1219678 0.1055374 0.1667396
vn -0.8187061 0.1737525 0.5472938
v -0.1379424 0.1014182 0.1620463
vn -0.3335656 -0.4837121 -0.8091704
v 0.1753934 0.0946121 -0.1648995
vn -0.0404352 0.0230791 0.9989156
v 0.0909126 -0.1432924 0.1709193
vn 0.2777691 0.9605417 -0.0142817
v 0.0505438 0.1521985 0.1098186
vn 0.0514845 0.4639446 -0.8843669
v -0.1010009 0.1827337 -0.1811375
vn 0.2714799 0.9566938 -0.1050510
v -0.0964300 0.1848332 -0.1586239
vn -0.8860209 -0.2737949 0.3741703
v -0.1346936 0.1458817 0.1591912
vn -0.2627459 -0.9513338 -0.1610235
v -0.0515993 -0.1521617 -0.1502441
vn 0.2276570 0.9735957 -0.0168464
v 0.0591327 0.1506007 0.0264332
vn 0.2253775 0.9722000 0.0634998
v -0.0132620 0.1603798 -0.1430520
vn -0.3620475 -0.9315992 0.0323193
v -0.1588725 -0.1235205 -0.1252773
vn 0.9711098 -0.2377571 0.0204300
v 0.1289041 -0.1396104 -0.0828979
vn 0.6059539 -0.1213426 0.7861908
v 0.1557731 -0.0215543 0.1645526
vn 0.6772333 -0.2519193 0.6912972
v 0.1836532 0.0776117 0.1607745
vn -0.8930265 0.4496701 -0.0173355
v -0.1162922 0.1895733 -0.0160403
vn -0.0514266 -0.0553590 0.9971412
v 0.0876985 0.0576393 0.1602951
vn -0.3011401 -0.8636324 -0.4042941
v -0.1167110 -0.1296516 -0.1597701
vn 0.3074974 0.9485019 -0.0760889
v 0.0669166 0.1494228 0.1474364
vn 0.2415464 0.9701701 -0.0206214
v 0.1662010 0.1174885 -0.0542260
vn -0.2876310 -0.9575605 0.0186103
v 0.0904390 -0.1881846 0.0478898
vn -0.9739254 0.2196855 0.0566361
v -0.1511891 0.0527694 0.1101005
vn 0.9532315 -0.2737930 0.1280127
v 0.1551590 -0.0337443 -0.1429136
vn -0.9685230 0.2489108 0.0025761
v -0.1438137 0.0785462 -0.0835646
vn 0.0513359 0.0166682 0.9985424
v 0.1493599 0.0049339 0.1672396
vn 0.2429614 -0.0296559 0.9695826
v 0.1175763 -0.1233439 0.1719625
vn 0.2276779 -0.0564589 0.9720984
v 0.1150186 -0.1418173 0.1714277
vn 0.1226673 0.0002220 0.9924479
v 0.1444107 -0.0249232 0.1685054
vn 0.4955212 -0.1084613 0.8617975
v 0.1585646 -0.0030295 0.1651443
vn 0.9665515 -0.2554677 -0.0226801
v 0.1604122 -0.0187067 -0.0364615
vn -0.3350140 -0.9021910 -0.2716927
v 0.0849289 -0.1862314 -0.1735250
vn 0.1899976 0.9804858 -0.0504826
v 0.0624805 0.1401405 -0.1009647
vn 0.2512488 -0.5581828 -0.7907630
v 0.1869498 0.0869537 -0.1686032
vn 0.0457283 0.0569581 0.9973288
v 0.0732517 -0.0409959 0.1633645
vn -0.2578891 -0.9655146 0.0357056
v -0.1396350 -0.1213176 0.0940474
vn 0.7628390 -0.1886320 -0.6184615
v 0.1775043 0.0423776 -0.1631032
vn -0.1752805 -0.7237983 0.6673775
v 0.0776327 -0.1786417 0.1673120
vn 0.0016857 -0.0000999 -0.9999986
v 0.0134259 -0.0554678 -0.1600602
vn -0.0216941 0.3069780 0.9514694
v 0.1882775 0.1035613 0.1720137
vn -0.5336319 0.8456907 0.0066586
v -0.1144764 0.1940843 -0.0049247
vn -0.1204801 -0.5774795 0.8074664
v 0.0680541 -0.1739035 0.1708605
vn -0.7667817 -0.6055676 -0.2129170
v -0.1910786 -0.1157567 -0.1351117
vn 0.0607696 0.0450733 0.9971336
v 0.0445619 -0.1199961 0.1702313
vn -0.9994396 0.0013266 -0.0334475
v -0.1922422 -0.1038639 0.0511766
vn 0.4936775 -0.8685314 0.0439972
v 0.1138670 -0.1893537 0.0971306
vn 0.0528474 0.0279810 0.9982105
v -0.1213815 0.0259101 0.1644018
vn -0.5041153 0.7816214 -0.3673362
v -0.1124111 0.1859291 -0.1684015
vn -0.2381943 0.9638393 -0.1194876
v -0.1114223 0.1887778 -0.1552694
vn -0.0134398 -0.0687057 0.9975464
v -0.1059646 0.0775450 0.1618637
vn -0.1375352 -0.9820213 0.1292994
v -0.1631608 -0.1247745 -0.1045103
vn -0.2439322 -0.9666887 0.0775250
v -0.0989087 -0.1340656 0.0722769
vn 0.9686829 -0.2468732 0.0265921
v 0.1449773 -0.0766379 -0.0710960
vn -0.2648044 -0.9638385 0.0299003
v -0.0715674 -0.1406018 0.0720302
vn -0.0516531 0.0095810 0.9986191
v 0.0024636 0.0210139 0.1661439
vn 0.2584317 0.9656759 -0.0261376
v -0.0527466 0.1752430 -0.0267989
vn -0.2082748 -0.7632989 0.6115525
v 0.0182595 -0.1636491 0.1665045
vn -0.2702524 -0.9539608 0.1300859
v 0.0329138 -0.1711218 0.1578488
vn 0.0932144 0.3409884 0.9354347
v 0.0012298 0.1547737 0.1669171
vn -0.0007889 -0.0808620 0.9967251
v 0.1159961 0.0836653 0.1616868
vn 0.2063458 -0.1277258 0.9701070
v 0.1763018 0.0822484 0.1642544
vn 0.1864073 0.9815411 -0.0427723
v -0.1040564 0.1906201 -0.0979827
vn -0.6301835 0.1907322 0.7526553
v -0.1714445 -0.0360091 0.1679590
vn 0.2631191 0.9641669 -0.0339226
v -0.0539794 0.1798075 0.1027590
vn -0.9752278 0.2027317 -0.0884916
v -0.1693471 -0.0476201 -0.1743750
vn -0.7812859 0.6238741 0.0193238
v -0.1728127 -0.0592190 -0.1720427
vn 0.8611354 -0.2178508 0.4593331
v 0.1265404 -0.1516064 0.1641268
vn 0.0640903 0.0848463 0.9943307
v 0.0535438 0.1345194 0.1665809
vn 0.1302497 0.3813426 0.9152119
v 0.0500961 0.1430077 0.1639980
vn -0.0184933 0.1299119 0.9913531
v -0.0447923 0.1655264 0.1663745
vn 0.2543121 0.9644672 -0.0716127
v 0.0114826 0.1608623 0.0068430
vn 0.2354620 0.8914866 -0.3870521
v 0.0428740 0.1455941 -0.1747946
vn -0.1019387 0.0027488 0.9947869
v -0.0330449 -0.0217142 0.1658772
vn 0.2564126 0.7364555 -0.6260080
v 0.0531154 -0.1582869 -0.1679958
vn -0.0998432 0.1973796 0.9752296
v 0.1837621 0.1037567 0.1661971
vn 0.8987870 -0.2076952 0.3860631
v 0.1448470 -0.0786945 0.1614218
vn -0.0183948 0.0053433 0.9998166
v -0.0668353 0.0609169 0.1627073
vn -0.6075996 -0.7907706 0.0741923
v -0.1889553 -0.1100131 0.0696400
vn -0.0872960 0.1248836 0.9883236
v 0.1022451 0.1136172 0.1713919
vn 0.8735520 -0.4867283 -0.0016111
v 0.1167885 -0.1849498 0.1446983
vn -0.2656679 -0.9621377 0.0609228
v -0.0098019 -0.1606541 -0.1331166
vn -0.9092034 0.1769057 0.3769001
v -0.1354539 0.1749030 0.1632208
vn 0.2733339 0.9315574 0.2397694
v 0.0450754 0.1573881 0.1542739
vn -0.9684706 0.2476104 -0.0274577
v -0.1592652 0.0179475 -0.0015170
vn 0.9690879 0.2441760 -0.0353086
v 0.1942799 0.1108404 0.1284515
vn -0.0090593 0.1257124 0.9920254
v 0.0255757 -0.1401097 0.1703070
vn 0.6451445 0.7629025 -0.0420528
v 0.1892065 0.1099179 -0.1309831
vn 0.1829944 0.4788955 -0.8585873
v -0.0333285 0.1642401 -0.1756915
vn 0.0046952 0.0581114 0.9982991
v -0.1331783 0.0563438 0.1657630
vn 0.0522928 0.0550441 0.9971136
v 0.0548494 -0.0531284 0.1671613
vn 0.0344518 0.0099967 0.9993564
v 0.1498377 0.1082800 0.1627912
vn 0.8662297 -0.2424192 0.4368971
v 0.1689845 0.0162737 0.1606607
vn 0.9597518 -0.2714739 0.0719601
v 0.1625476 -0.0098475 -0.1410295
vn -0.2110953 -0.9615701 0.1755609
v 0.1014017 -0.1883784 0.1596382
vn -0.0068407 0.0304889 0.9995117
v 0.0040380 -0.0442676 0.1697956
vn 0.9356203 -0.2937070 -0.1958340
v 0.1752962 0.0636384 0.1377591
vn 0.2435022 0.9690672 -0.0401933
v 0.1773305 0.1108005 -0.1483109
vn 0.4644086 -0.1062401 0.8792256
v 0.1362520 -0.0887768 0.1674693
vn 0.2264871 -0.0555107 0.9724311
v -0.1302886 0.1675941 0.1666380
vn 0.0370117 0.1367387 -0.9899155
v 0.1232707 -0.1377904 -0.1648808
vn 0.9110092 -0.2033920 -0.3587394
v 0.1465045 -0.0767359 -0.1584465
vn 0.9177256 -0.3167675 -0.2396627
v 0.1248942 -0.1824378 -0.1652833
vn 0.2164928 0.9753954 -0.0416490
v 0.1476714 0.1272830 0.1433201
vn 0.1557529 0.9323120 0.3263974
v 0.1681439 0.1238229 0.1556069
vn -0.0812357 -0.2742250 0.9582283
v -0.0712767 -0.1313211 0.1721690
vn 0.0133012 0.1012728 0.9947698
v -0.0698520 -0.0358166 0.1655854
vn 0.8978378 -0.1995216 0.3925283
v 0.1356872 -0.1149277 0.1634027
vn -0.0056988 0.0276642 0.9996010
v 0.0667661 -0.0809949 0.1663067
vn -0.0553853 0.0380874 0.9977384
v 0.1601272 0.0858330 0.1660588
vn 0.0024395 0.0355296 0.9993656
v 0.0204201 -0.1034219 0.1690563
vn -0.6390196 -0.2751141 -0.7183079
v -0.1448125 -0.1158184 -0.1808797
vn 0.9720322 -0.2338760 -0.0213428
v 0.1280010 -0.1395668 0.1430274
vn 0.9639146 -0.2661144 0.0072018
v 0.1543370 -0.0459691 0.0273209
vn 0.0654754 0.5987938 -0.7982224
v -0.0002605 -0.1521319 -0.1746990
vn -0.2871396 -0.9363477 -0.2019995
v -0.1710274 -0.1187742 -0.1438261
vn 0.2656671 0.9626300 0.0525784
v -0.0230674 0.1694004 0.0418251
vn 0.2877937 0.9146193 0.2839830
v 0.0059445 0.1664028 0.1557018
vn 0.1765128 0.6690066 0.7219927
v -0.0202612 0.1702252 0.1621092
vn 0.1925291 -0.3303123 -0.9240273
v -0.0982735 0.1592040 -0.1668641
vn 0.0100909 0.0570492 0.9983204
v 0.0053564 -0.0170754 0.1670983
vn 0.2056924 0.9733349 -0.1015376
v -0.0275172 0.1715682 0.0071059
vn -0.0948880 0.5064054 -0.8570589
v -0.0299416 -0.1442384 -0.1776764
vn 0.0806860 0.6565419 -0.7499617
v -0.0307260 -0.1402809 -0.1724366
vn 0.9784728 -0.2033724 -0.0350827
v 0.1803152 0.0577933 -0.1499144
vn -0.9700181 0.2417113 -0.0253107
v -0.1806924 -0.0604333 0.0009475
vn 0.8650256 -0.2035156 0.4585980
v 0.1747188 0.0344263 0.1590091
vn -0.0106972 0.0007594 0.9999425
v -0.0330784 -0.0772811 0.1683484
vn 0.0312309 0.0136954 0.9994184
v -0.1235680 0.0044129 0.1654557
vn -0.9282479 0.2250241 -0.2961756
v -0.1263046 0.1463391 -0.1589343
vn -0.3857710 -0.9222603 -0.0248318
v -0.1875274 -0.1113135 0.0497988
vn -0.9474003 0.2455234 0.2053073
v -0.1515992 0.0565723 0.1552195
vn -0.9682131 0.2501128 -0.0026526
v -0.1562523 0.0284065 -0.0907525
vn 0.9473695 -0.3183613 0.0337218
v 0.1198372 -0.1770174 0.1057303
vn -0.7654212 -0.6419156 -0.0455500
v -0.1896321 -0.1095235 0.0396862
vn 0.3166076 0.9410715 -0.1189298
v 0.1630665 0.1144995 -0.1642237
vn -0.0282832 0.0179183 -0.9994394
v 0.1548349 0.0266919 -0.1615949
vn -0.9724616 0.2315355 -0.0266388
v -0.1852720 -0.0802255 0.0279153
vn -0.2216325 -0.9749833 0.0169319
v -0.1736408 -0.1135650 0.0499295
vn 0.9663856 -0.2570970 -0.0000588
v 0.1513368 -0.0475541 0.0534100
vn -0.2496350 -0.9682806 -0.0107380
v -0.1100030 -0.1322883 0.0344485
vn -0.2821155 -0.9583991 0.0433819
v -0.0697442 -0.1432537 0.0131651
vn 0.0236091 0.0448487 0.9987148
v 0.0379275 0.0039459 0.1648925
vn -0.2845205 -0.9560233 -0.0711860
v -0.1204740 -0.1324300 -0.1090943
vn -0.9662374 0.2517255 -0.0549508
v -0.1425264 0.0818882 -0.1464657
vn -0.9914100 0.0608014 0.1157999
v -0.1954999 -0.0964923 0.1569331
vn -0.2278288 -0.9724162 0.0500078
v -0.1700884 -0.1161595 0.0016351
vn -0.2053058 0.9777384 -0.0433252
v -0.1112389 0.1934105 -0.0644383
vn -0.0308863 -0.1189931 -0.9924146
v -0.0828039 -0.1261678 -0.1740563
vn 0.2307179 0.6758872 -0.6999612
v -0.0815796 -0.1188555 -0.1670464
vn -0.6977328 -0.7155377 0.0342746
v -0.1915868 -0.1057712 0.1492987
vn 0.0175954 0.0919007 0.9956127
v -0.0111885 -0.1042652 0.1699989
vn 0.2427983 0.9700720 0.0030636
v 0.1425833 0.1255061 0.0742707
vn -0.9315057 0.3217596 -0.1696113
v -0.1177532 0.1879798 0.1129533
vn -0.9549950 0.2952817 -0.0281637
v -0.1804145 -0.0647446 0.1315122
vn 0.6122867 -0.1252653 0.7806495
v 0.1767801 0.0516442 0.1616177
vn 0.9741169 -0.2176617 0.0609883
v 0.1625142 -0.0088172 0.0783780
vn -0.2805166 -0.9543933 -0.1021952
v -0.0094647 -0.1540077 0.1449786
vn -0.2170431 -0.9754891 0.0362410
v -0.1581223 -0.1252972 -0.1332417
vn 0.9275447 -0.3216589 -0.1902534
v 0.1514786 -0.0574826 -0.1576471
vn -0.0428753 0.0326249 0.9985476
v 0.1139032 0.0527230 0.1635102
vn -0.9587538 0.2779008 -0.0596857
v -0.1238490 0.1535465 0.0128739
vn 0.5711679 -0.3825898 -0.7262179
v 0.1548830 -0.0456931 -0.1657095
vn -0.2547616 -0.9271976 -0.2745929
v -0.1468533 -0.1247486 -0.1496105
vn -0.0180266 0.0637294 0.9978044
v -0.0119404 -0.0005212 0.1653721
vn -0.2703378 -0.9627050 -0.0108042
v -0.0144940 -0.1595495 0.0815611
vn -0.2987286 -0.9543278 0.0044339
v -0.0377078 -0.1518111 0.0382307
vn -0.4583068 0.1908039 0.8680719
v -0.1653860 -0.0057486 0.1638951
vn -0.1157397 -0.0942010 0.9888026
v 0.0080572 0.1226765 0.1655020
vn 0.9612262 -0.2749633 0.0209648
v 0.1377001 -0.1124645 0.0581204
vn 0.9726892 -0.2306336 -0.0261510
v 0.1686620 0.0112717 0.0161789
vn 0.0380142 0.2258000 0.9734317
v -0.0754365 0.1760507 0.1621293
vn 0.1073584 0.0595417 0.9924359
v 0.0666077 0.0881374 0.1643005
vn 0.0946780 0.9352847 0.3409965
v 0.1797023 0.1222712 0.1574545
vn 0.5540478 0.8320098 -0.0281206
v 0.1900006 0.1187025 0.1262403
vn -0.9671578 0.2541759 -0.0006061
v -0.1635505 0.0135061 0.0423643
vn 0.3811561 0.6231649 0.6829243
v 0.1865691 0.1215498 0.1610971
vn 0.0737281 -0.1654388 0.9834603
v 0.1367445 0.0867840 0.1629140
vn 0.2514819 0.3921312 -0.8848673
v -0.1322774 -0.1125345 -0.1807427
vn 0.9721959 -0.2284466 -0.0514510
v 0.1765386 0.0377946 0.0358471
vn -0.0100710 0.0670662 0.9976977
v -0.0398997 -0.0924342 0.1667180
vn -0.2604922 -0.9639431 0.0543827
v -0.1078776 -0.1337429 -0.0111750
vn -0.0765664 0.0709940 0.9945338
v 0.0907204 -0.1159193 0.1702940
vn -0.9557276 0.2828301 -0.0811904
v -0.1851109 -0.0760589 0.1334554
vn 0.9278572 0.0090559 -0.3728258
v 0.1920318 0.1010794 -0.1732409
vn -0.1591805 -0.0388058 0.9864866
v 0.0207729 0.1039648 0.1616047
vn 0.0198664 0.0492152 0.9985906
v 0.0952889 0.0770081 0.1649620
vn 0.9128703 -0.3404512 -0.2253018
v 0.1856526 0.0838715 0.1389814
vn -0.1020792 -0.4939996 -0.8634491
v 0.1495681 0.1082662 -0.1805170
vn 0.7968221 -0.6041425 0.0092907
v 0.1157849 -0.1885353 0.0498930
vn 0.8985746 0.1808458 0.3998231
v 0.1927903 0.1070848 0.1613123
vn 0.5760707 -0.3772303 0.7251483
v 0.1893175 0.0907198 0.1630936
vn -0.3334170 0.9266477 -0.1736584
v -0.1123722 0.1949383 0.1108209
vn -0.9599102 0.2801160 -0.0103634
v -0.1425589 0.0886855 -0.0489641
vn -0.3406227 0.0174366 0.9400384
v -0.1399198 0.0890372 0.1617266
vn 0.9634280 -0.2678843 0.0066731
v 0.1575562 -0.0275939 -0.0600753
vn 0.5675940 -0.8232527 0.0095846
v 0.1137520 -0.1938139 -0.0391904
vn -0.3001839 0.1217232 -0.9460831
v -0.1446042 0.0404490 -0.1700955
vn 0.2764505 -0.0651146 -0.9588197
v -0.1248484 0.0574607 -0.1631654
vn 0.9548584 -0.2158807 0.2040613
v 0.1646322 -0.0081161 0.1564211
vn 0.7528654 0.6574841 -0.0301381
v 0.1904980 0.1066286 -0.1487563
vn -0.0775282 0.0359475 0.9963419
v -0.0098791 0.0385579 0.1643868
vn -0.0713405 0.0688481 0.9950731
v 0.1088986 -0.0856893 0.1684102
vn -0.9144128 0.4042691 -0.0203916
v -0.1162277 0.1880099 0.0499033
vn 0.9592000 -0.2751617 0.0649736
v 0.1894331 0.0851976 0.1534441
vn 0.0660790 -0.0229864 0.9975496
v -0.0663781 0.0911142 0.1648400
vn -0.9375577 0.2619025 -0.2288945
v -0.1492855 0.0532610 -0.1561984
vn -0.2803725 -0.9457842 -0.1639624
v -0.0151626 -0.1624926 -0.1504497
vn 0.0005220 0.0275160 0.9996213
v -0.0286486 0.0568993 0.1628716
vn -0.0154018 0.0198920 0.9996835
v -0.0478622 -0.1281483 0.1729272
vn -0.1664924 -0.6003804 -0.7821916
v -0.0392601 0.1513688 -0.1672023
vn -0.9978374 0.0657017 -0.0019698
v -0.1348447 0.1300932 0.1479015
vn 0.5550664 -0.3034163 -0.7744933
v 0.1351710 -0.1078497 -0.1600247
vn -0.2708176 -0.9622741 0.0261989
v -0.1373022 -0.1241072 0.0168082
vn -0.9575220 0.2873739 -0.0238318
v -0.1260992 0.1473430 0.0142862
vn 0.2477540 0.9489774 0.1950897
v 0.1234301 0.1338587 0.1542866
vn 0.5408788 -0.3628024 -0.7588310
v 0.1835653 0.0701135 -0.1620537
vn -0.0166756 -0.0625722 0.9979011
v -0.0875045 0.0662594 0.1616711
vn -0.0511775 0.0796084 0.9955117
v 0.0745804 0.1020866 0.1593287
vn 0.9473433 -0.3085114 -0.0857990
v 0.1907868 0.0875126 -0.1606193
vn 0.9586662 -0.2544190 0.1273975
v 0.1244143 -0.1609232 0.1590687
vn -0.9118654 0.3813237 -0.1519664
v -0.1176591 0.1811452 -0.1578085
vn 0.0341375 0.0511037 0.9981098
v -0.0415794 0.0917141 0.1618343
vn -0.9703261 0.2399493 0.0298594
v -0.1292894 0.1358129 -0.0540421
vn 0.0550572 -0.9983214 0.0179759
v 0.1083008 -0.1969144 -0.0776031
vn 0.2072700 0.2129459 -0.9548262
v 0.1193865 -0.1758170 -0.1678164
vn 0.3466736 -0.3563366 -0.8676645
v 0.0610461 -0.1758711 -0.1812324
vn 0.5138153 0.4917377 -0.7029850
v 0.0676367 -0.1693910 -0.1743083
vn -0.9715383 0.2367299 -0.0085017
v -0.1784097 -0.0536903 -0.1327469
vn -0.0426421 0.0419088 0.9982111
v -0.0132654 -0.0273851 0.1685182
vn 0.9953960 0.0363901 -0.0886708
v 0.1911801 0.1055806 0.0984598
vn 0.2637937 0.9643928 0.0189593
v 0.0095874 0.1618506 0.0209697
vn 0.2732475 0.9617333 -0.0201174
v -0.0099416 0.1685901 0.0177904
vn 0.9635477 -0.2669469 -0.0177543
v 0.1862170 0.0822041 0.0081834
vn 0.0050291 -0.0280018 -0.9995952
v 0.1067377 0.0606009 -0.1616617
vn 0.2817737 0.9564805 -0.0758203
v 0.0741060 0.1468937 0.0186365
vn 0.0444273 0.3792612 -0.9242225
v 0.1377929 0.1203512 -0.1800985
vn -0.3710597 -0.9285759 -0.0078451
v -0.0050933 -0.1632056 -0.0970752
vn -0.0988933 -0.6132822 -0.7836486
v 0.1275151 0.1141199 -0.1799370
vn 0.9636844 -0.2669288 -0.0078392
v 0.1622299 -0.0144197 -0.1100868
vn -0.9968833 -0.0787473 -0.0047634
v -0.1930006 -0.1074218 -0.1206075
vn -0.2442442 -0.7254943 0.6434306
v -0.0806086 -0.1340313 0.1687964
vn -0.2342139 -0.8660519 0.4416989
v -0.0986317 -0.1310244 0.1657896
vn 0.2534878 0.9671148 -0.0208083
v 0.0379377 0.1553373 0.0237369
vn 0.6137238 -0.0924493 -0.7840894
v -0.1653358 -0.0725886 -0.1780233
vn -0.2933391 0.0301234 -0.9555338
v -0.1313886 0.0866045 -0.1689977
vn -0.2300398 -0.9705472 -0.0715537
v -0.1679341 -0.1181169 -0.1227008
vn 0.9547640 -0.2789318 -0.1030666
v 0.1723580 0.0215865 0.1536109
vn 0.8831574 -0.2274666 0.4102340
v 0.1410613 -0.0956681 0.1616569
vn -0.5299882 -0.5368918 -0.6563991
v 0.0772333 -0.1791832 -0.1736951
vn 0.2059873 0.5536224 -0.8068900
v -0.0174100 -0.1363765 -0.1663686
vn -0.9344964 -0.3518612 0.0539470
v -0.1911478 -0.1065266 0.0848105
vn -0.9626258 0.2706152 0.0109079
v -0.1481761 0.0663119 -0.0357249
vn -0.6627529 0.0364621 -0.7479500
v -0.1138871 0.1723966 -0.1728933
vn 0.2476127 0.8918982 -0.3784252
v 0.0066157 0.1547521 -0.1673829
vn -0.2713960 -0.9473593 -0.1698666
v 0.0403592 -0.1727937 -0.1630625
vn 0.2143939 0.5503905 -0.8069111
v 0.0750343 -0.1647694 -0.1654793
vn -0.9523344 0.2151287 0.2162844
v -0.1434759 0.0880731 0.1565330
vn 0.2519406 0.9518588 0.1746159
v -0.1027465 0.1955912 0.1500598
vn -0.9631872 0.2688107 0.0033730
v -0.1175093 0.1847988 -0.0403764
vn -0.6373687 0.7699989 -0.0293754
v -0.1147172 0.1911394 -0.0404166
vn 0.9655618 -0.2600369 0.0084480
v 0.1649910 -0.0111483 0.0406979
vn -0.2295787 -0.6747565 -0.7014251
v 0.0945282 -0.1851759 -0.1768281
vn 0.0223968 0.3241625 0.9457363
v 0.1613323 0.1154483 0.1633342
vn 0.0074064 0.0041082 0.9999642
v -0.1497896 -0.0641136 0.1671608
vn 0.7290047 0.6832331 -0.0417707
v 0.1897460 0.1126089 -0.0144751
vn 0.9502548 -0.3113767 -0.0077780
v 0.1810657 0.0675976 -0.0039079
vn 0.3390369 0.5579648 -0.7574493
v -0.0934924 0.1785204 -0.1770288
vn -0.9580443 0.2842590 -0.0367155
v -0.1324223 0.1288118 0.0739597
vn -0.2953919 -0.9551423 0.0211385
v -0.0868166 -0.1334508 0.1349230
vn -0.9586335 0.2821331 0.0377201
v -0.1846173 -0.0852913 0.0755809
vn 0.9701270 -0.2370718 0.0514828
v 0.1851832 0.0766316 -0.0522567
vn 0.2910494 0.9548708 -0.0592631
v 0.0159841 0.1609498 0.1304025
vn -0.9586335 0.2844203 0.0112611
v -0.1231208 0.1534988 -0.0026612
vn -0.9705862 0.2388760 0.0300108
v -0.1682206 -0.0125863 -0.0498406
vn 0.2266985 0.9734246 -0.0324420
v 0.0717044 0.1394949 -0.1277999
vn 0.3168623 0.9480544 -0.0281281
v -0.0752673 0.1819449 -0.0081881
vn -0.9758029 0.2186458 -0.0016420
v -0.1821788 -0.0606715 0.0456243
vn 0.0864461 0.4547412 -0.8864183
v 0.0919552 -0.1646426 -0.1633340
vn 0.2974166 0.9538973 -0.0402913
v -0.0737253 0.1793743 -0.1072421
vn 0.7290522 -0.1669715 0.6637796
v 0.1293234 -0.1328466 0.1672653
vn -0.9571978 0.2836291 -0.0576803
v -0.1310385 0.1226753 0.0225585
vn -0.0368867 0.0261895 0.9989762
v -0.1430214 0.0154238 0.1669464
vn 0.2579757 0.9649644 -0.0478772
v -0.0163482 0.1688909 0.0856411
vn 0.2578172 0.9661137 -0.0124303
v 0.0039110 0.1630637 0.0661227
vn 0.0500966 0.0614497 0.9968522
v 0.0010521 -0.1314599 0.1692955
vn -0.9695716 0.2445752 -0.0106735
v -0.1223355 0.1654377 0.0285022
vn -0.2809663 -0.9585806 0.0467039
v 0.0291703 -0.1712838 0.0793365
vn -0.2423257 -0.9695736 0.0347176
v -0.1655438 -0.1202933 -0.0408938
vn -0.2515299 -0.9663740 0.0534229
v -0.1467260 -0.1241323 -0.0357747
vn 0.1832289 -0.9822102 0.0411138
v 0.1108121 -0.1893636 0.1481257
vn -0.0165027 0.0202060 0.9996597
v 0.0869440 -0.0158112 0.1644821
vn -0.9547182 0.1563805 -0.2530977
v -0.1213998 0.1777693 0.1234455
vn -0.1065580 -0.2524311 -0.9617297
v -0.0127904 0.1524257 -0.1748779
vn 0.2236755 0.4467055 -0.8662699
v -0.0129617 0.1568257 -0.1744713
vn -0.0172391 0.0527129 0.9984609
v 0.0789290 0.0837780 0.1651552
vn -0.2594219 -0.9651007 -0.0357900
v -0.0958177 -0.1362072 0.0380668
vn 0.2557898 0.8144291 0.5208425
v 0.0596008 0.1508902 0.1566773
vn 0.9595848 -0.2793754 0.0338595
v 0.1845907 0.0770522 -0.1466786
vn 0.0991414 0.9929207 -0.0654182
v -0.1049320 0.1940613 0.0986736
vn 0.0205180 0.0657929 0.9976224
v -0.0790097 -0.0811516 0.1675729
vn 0.5380260 0.0883924 -0.8382809
v -0.1562118 -0.0788217 -0.1665695
vn 0.0391595 -0.0311444 0.9987475
v 0.0483647 0.0536867 0.1620490
vn 0.9669021 -0.2551321 0.0028267
v 0.1726328 0.0258654 -0.1233784
vn -0.9666700 0.2532631 -0.0375078
v -0.1713243 -0.0273161 -0.0097890
vn -0.9621062 0.2716565 -0.0235473
v -0.1399111 0.1035647 -0.0058403
vn 0.3768588 -0.0597032 -0.9243447
v -0.1358824 0.0098183 -0.1636779
vn -0.1904482 -0.9786447 0.0773565
v -0.0636001 -0.1451450 -0.0914904
vn -0.2611777 -0.9652458 0.0093199
v 0.0704214 -0.1843285 -0.0413742
vn -0.1789609 -0.9838425 -0.0051934
v -0.0916948 -0.1410600 -0.0925531
vn 0.2854939 0.9539312 -0.0922426
v 0.1095374 0.1303930 -0.1604325
vn -0.0980339 0.0262217 0.9948376
v 0.0282700 0.0831478 0.1665404
vn -0.0047640 0.1130704 0.9935756
v -0.1324214 -0.0421689 0.1691970
vn 0.2065787 0.1047378 -0.9728079
v 0.0645139 0.1328410 -0.1790056
vn -0.1575682 -0.9874861 -0.0065941
v 0.1078075 -0.1960409 -0.1361922
vn 0.4534320 -0.0463231 -0.8900863
v -0.1397051 0.0316943 -0.1677517
vn -0.2394356 -0.9493024 -0.2037046
v 0.0133026 -0.1689123 -0.1561857
vn -0.0559877 -0.0089103 0.9983917
v 0.0036490 -0.0730175 0.1693899
vn -0.0639458 -0.1432152 0.9876236
v 0.0152101 -0.1524166 0.1714639
vn -0.0865064 0.0023264 0.9962486
v 0.0330756 0.1121122 0.1665933
vn -0.3133101 -0.9496248 0.0070344
v 0.0800509 -0.1842662 -0.1320827
vn -0.3483415 -0.9372762 -0.0131007
v 0.0894123 -0.1908354 -0.0970632
vn -0.9637262 0.2663733 -0.0166466
v -0.1500178 0.0615251 0.0414201
vn -0.0757352 0.0417609 0.9962531
v 0.1388047 0.0783744 0.1624157
vn 0.2079165 0.9768661 -0.0500335
v -0.0431459 0.1732274 0.0008052
vn -0.9714267 0.2372313 -0.0071825
v -0.1725287 -0.0224823 0.0363622
vn -0.0490261 0.0106613 0.9987406
v -0.0290030 -0.0484120 0.1649728
vn -0.9665881 0.2563111 0.0034706
v -0.1393386 0.0958540 -0.0799961
vn -0.7345109 0.6778222 -0.0324181
v -0.1148709 0.1933071 0.0647117
vn -0.2391434 -0.9709834 0.0013314
v 0.0597084 -0.1776627 0.1522464
vn -0.0018217 -0.0155232 -0.9998779
v -0.0063372 0.0572290 -0.1611559
vn -0.1439600 0.9890998 -0.0309388
v -0.1098975 0.1948045 0.0491603
vn 0.1204425 -0.0365910 0.9920457
v 0.0626661 0.1159247 0.1640114
vn 0.4828451 0.8756587 -0.0090815
v 0.1857813 0.1160119 0.0709768
vn 0.9795601 -0.1875431 -0.0727297
v 0.1317229 -0.1382262 -0.1510516
vn 0.9660775 -0.2512780 -0.0596126
v 0.1448181 -0.0794740 0.1544866
vn -0.9678870 0.2494494 -0.0311392
v -0.1293864 0.1314045 -0.1426976
vn 0.3662270 -0.1272792 -0.9217797
v -0.1105816 0.1241146 -0.1659050
vn -0.8939415 0.2367145 -0.3805718
v -0.1451644 0.0692627 -0.1584144
vn -0.4019460 -0.8956534 -0.1903795
v 0.1017630 -0.1959502 -0.1742329
vn -0.3166648 -0.9483946 0.0164640
v 0.0888405 -0.1890697 -0.0573345
vn 0.2434314 0.9697700 -0.0169537
v -0.0494362 0.1758962 0.0580587
vn 0.0091093 0.0713193 0.9974120
v -0.0453252 -0.0406717 0.1661426
vn -0.1306535 0.4376570 -0.8895988
v 0.0846955 -0.1756050 -0.1780142
vn -0.9049706 0.2261487 -0.3603958
v -0.1317856 0.1237846 -0.1605426
vn -0.2594802 -0.9610155 0.0954953
v -0.0288944 -0.1508155 0.1124641
vn -0.3770191 -0.9211884 0.0962730
v -0.1863657 -0.1176727 -0.0974692
vn 0.2857290 0.9557225 -0.0703808
v 0.0726184 0.1445802 0.1332677
vn -0.9662434 0.2560656 0.0283577
v -0.1521011 0.0558940 -0.0495769
vn -0.9719349 0.2348312 0.0140328
v -0.1745450 -0.0378875 0.0951252
vn 0.9624612 -0.2689323 -0.0366607
v 0.1583631 -0.0299202 -0.0126681
vn 0.9685712 -0.2469488 -0.0297688
v 0.1325939 -0.1236011 -0.0184240
vn 0.9747162 -0.2233525 -0.0064711
v 0.1250186 -0.1483810 -0.0149400
vn 0.0543104 -0.0489334 0.9973244
v 0.0702896 0.0547920 0.1618793
vn -0.1297105 -0.6543241 -0.7450069
v -0.0521998 -0.1419461 -0.1682561
vn -0.0993961 -0.8380368 -0.5364836
v -0.1337473 -0.1216134 -0.1803782
vn 0.2361214 0.9712512 -0.0302942
v 0.1794777 0.1151739 -0.0181242
vn 0.7748233 0.0418731 -0.6307896
v 0.1287254 -0.1496673 -0.1642873
vn -0.0286921 0.2165860 0.9758418
v -0.1036682 0.1800238 0.1636934
vn -0.1328825 -0.9900880 0.0454767
v 0.1046752 -0.1900457 0.0984789
vn 0.2398601 0.9696971 0.0464174
v 0.0612993 0.1484231 0.0533194
vn -0.0202699 -0.2082211 0.9778718
v -0.1158244 -0.1166806 0.1732867
vn 0.9598786 -0.2751626 -0.0540248
v 0.1804961 0.0594749 0.0257789
vn -0.1937762 -0.6448162 -0.7393665
v 0.1385922 0.1048501 -0.1646810
vn 0.3894802 -0.0649450 0.9187422
v 0.1658379 0.0287263 0.1649596
vn -0.0837485 -0.2921547 -0.9526972
v -0.1183465 -0.1189096 -0.1732269
vn 0.9723833 -0.2318844 -0.0264630
v 0.1939400 0.1025356 0.1183268
vn -0.1264912 -0.4572318 0.8803063
v -0.0478820 -0.1410980 0.1706309
vn 0.9396217 -0.3413948 0.0236820
v 0.1873877 0.0902182 0.1092945
vn -0.9719734 0.2350829 -0.0019729
v -0.1219392 0.1622531 -0.0396951
vn 0.9622317 -0.2642623 -0.0653881
v 0.1530299 -0.0509837 0.1560091
vn 0.0118144 -0.1137229 0.9934423
v -0.0553384 0.1389454 0.1626580
vn 0.9707288 -0.2343548 0.0525693
v 0.1615503 -0.0045203 0.1182382
vn -0.0783126 -0.6003515 -0.7958927
v -0.0747638 0.1603309 -0.1679160
vn -0.9706340 0.2402057 -0.0130730
v -0.1193563 0.1726803 -0.1426375
vn -0.0844163 -0.3622818 -0.9282380
v -0.0336834 0.1565297 -0.1746512
vn -0.2686601 -0.9594021 0.0858451
v 0.0029026 -0.1608014 0.1128940
vn -0.2799747 -0.0190784 0.9598178
v 0.0845047 0.1035749 0.1637159
vn 0.3190892 0.9462309 -0.0531898
v 0.0072372 0.1642402 0.1118377
vn 0.9693335 -0.2454937 0.0112035
v 0.1497342 -0.0585612 -0.1022677
vn -0.3013358 -0.9534742 0.0091488
v -0.0280696 -0.1539124 0.0136079
vn 0.9334118 -0.2913051 -0.2094845
v 0.1392177 -0.1066401 -0.1528119
vn 0.4188256 0.9078681 -0.0189890
v 0.1854238 0.1123609 -0.0671633
vn -0.9718782 0.2328460 0.0351490
v -0.1582527 0.0297633 0.0763250
vn -0.2698844 -0.9616794 0.0483241
v -0.0224623 -0.1572832 -0.0123649
vn -0.2296755 -0.0000530 -0.9732673
v 0.0821528 0.1262629 -0.1751162
vn 0.9642084 -0.2633771 0.0305715
v 0.1175482 -0.1838764 0.0123208
vn 0.2707972 0.9626353 0.0015041
v 0.1107661 0.1336592 0.0949210
vn 0.0642512 0.0550823 0.9964125
v -0.1083875 -0.0841686 0.1685307
vn 0.0520311 0.1378862 0.9890805
v -0.1044738 -0.1053048 0.1703979
vn -0.2569893 -0.9638093 -0.0709102
v 0.0851020 -0.1790507 0.1424944
vn 0.3095311 0.9504653 -0.0283974
v -0.0736172 0.1851828 0.1294052
vn -0.1576355 -0.9872882 -0.0203259
v -0.0653230 -0.1423855 -0.0753068
vn -0.3335703 -0.9381495 -0.0927709
v 0.0937128 -0.1906945 -0.1556817
vn 0.0352055 0.0360454 0.9987299
v 0.0353719 -0.0477352 0.1664857
vn -0.9715325 0.2368484 0.0052509
v -0.1474409 0.0727914 0.0906352
vn -0.1445776 -0.4705997 -0.8704214
v 0.0028187 0.1364227 -0.1650739
vn 0.9640164 -0.2654640 -0.0141879
v 0.1790370 0.0499482 0.1527100
vn 0.2452023 0.9675283 -0.0613582
v 0.0495580 0.1491082 -0.0015780
vn 0.9989497 -0.0433872 0.0147329
v 0.1917202 0.1017934 0.0367537
vn -0.1594840 -0.7204616 0.6749074
v 0.0058499 -0.1587323 0.1692445
vn -0.9877577 0.1557490 -0.0087800
v -0.1902532 -0.0989788 0.0364196
vn -0.0066224 -0.2560451 -0.9666422
v -0.0849255 0.1528827 -0.1647310
vn 0.9928671 -0.1192159 -0.0016154
v 0.1937085 0.1089372 0.1406827
vn -0.6846849 0.2358393 0.6896278
v -0.1839662 -0.0756454 0.1657949
vn 0.0126690 0.0591128 -0.9981709
v 0.1245349 -0.1527217 -0.1654218
vn -0.9641322 0.2641612 0.0258448
v -0.1592048 0.0267901 0.1535691
vn -0.6550144 0.1772820 0.7345252
v -0.1582682 0.0224829 0.1637292
vn -0.9666380 0.1430443 -0.2124838
v -0.1264853 0.1602429 0.1317749
vn -0.2675139 -0.9635027 0.0099474
v 0.0267039 -0.1729442 -0.0613551
vn 0.9681673 -0.2460544 0.0459269
v 0.1405029 -0.0945839 -0.1366408
vn -0.1787737 -0.5539572 0.8131245
v 0.0323115 -0.1626496 0.1714657
vn -0.0772670 0.0362803 0.9963501
v -0.0317994 -0.0023700 0.1660941
vn -0.2667623 -0.9635371 -0.0208383
v -0.1150090 -0.1289712 0.1127963
vn -0.0213892 0.0323776 0.9992468
v -0.0805192 -0.0465695 0.1672435
vn 0.2614571 0.9626278 -0.0706255
v 0.1197181 0.1316842 0.1311207
vn -0.2698027 -0.9538453 -0.1318552
v -0.1225580 -0.1317500 -0.1483840
vn 0.1450835 0.9854144 -0.0889338
v -0.1074874 0.1981993 0.1321938
vn -0.9706523 -0.2205599 -0.0958516
v -0.1824041 -0.1036472 -0.1667299
vn 0.2344581 0.9718338 -0.0238464
v 0.1521668 0.1224211 0.0198666
vn 0.0283699 -0.4229242 -0.9057209
v -0.0967642 0.1698247 -0.1762036
vn -0.0285666 -0.0331040 0.9990436
v -0.0764309 0.1431260 0.1655656
vn 0.2074454 0.9759606 -0.0668382
v -0.1008041 0.1956047 0.1161202
vn 0.1883367 -0.0437838 0.9811281
v 0.1680570 0.0621421 0.1654722
vn -0.5447960 -0.7826951 -0.3009747
v -0.1433978 -0.1157800 -0.1697979
vn -0.0329394 0.0744254 0.9966825
v 0.0912892 -0.0522115 0.1666711
vn 0.7136848 -0.6998649 0.0290376
v 0.1154106 -0.1887935 0.1322480
vn 0.2149288 0.9759674 -0.0359621
v 0.1461925 0.1247454 0.1203388
vn 0.1372997 0.9905271 -0.0022309
v -0.1054800 0.1935792 0.0186250
vn -0.9672036 0.2540017 -0.0005405
v -0.1803875 -0.0725292 -0.1661590
vn 0.0118367 0.0353542 0.9993048
v -0.0840333 0.0195218 0.1631304
vn 0.2455609 0.9656525 -0.0849419
v 0.1140235 0.1348698 0.0147081
vn 0.0021172 0.0518628 0.9986520
v -0.0629701 -0.0468349 0.1672881
vn 0.9437913 -0.2671112 -0.1947040
v 0.1642771 0.0027328 0.1478160
vn -0.1417457 0.4497990 -0.8818101
v 0.0169335 -0.1620847 -0.1788886
vn 0.2613561 0.9593046 -0.1069004
v 0.1034689 0.1372127 0.1404708
vn -0.6119356 -0.7909020 0.0029847
v 0.0984828 -0.1906924 -0.1678344
vn 0.2604161 0.9605247 -0.0978555
v 0.0213845 0.1561152 -0.0705966
vn -0.9661400 0.2554572 -0.0362665
v -0.1324017 0.1198431 -0.0326958
vn -0.0281767 0.1340374 -0.9905756
v -0.1663440 -0.0567414 -0.1822453
vn 0.4183586 0.9081938 -0.0126582
v 0.1854446 0.1154693 0.0436497
vn -0.9659495 0.2551260 -0.0430371
v -0.1420582 0.0924830 -0.1237168
vn 0.9418566 -0.2653858 -0.2060982
v 0.1648626 -0.0104237 -0.1568778
vn 0.6102183 -0.7922254 -0.0035551
v 0.1166466 -0.1952488 -0.1039781
vn -0.3153541 -0.9486244 0.0257594
v -0.1799406 -0.1156213 -0.0600019
vn -0.2122209 -0.9722121 -0.0988231
v -0.1849677 -0.1190133 -0.1328457
vn -0.0715739 0.0270977 0.9970672
v -0.1133039 0.1451589 0.1642741
vn 0.1243556 0.1534185 -0.9803053
v 0.1654763 0.1070874 -0.1789913
vn 0.2739558 0.9502093 0.1484943
v -0.0717657 0.1865077 0.1514260
vn -0.1363741 -0.9228730 -0.3601496
v 0.0647732 -0.1796136 -0.1674202
vn 0.9951892 -0.0754658 -0.0624770
v 0.1606613 -0.0256398 -0.1569953
vn 0.9583037 -0.2797047 -0.0584745
v 0.1420528 -0.0876783 0.0061220
vn 0.9689765 -0.2440530 0.0390220
v 0.1403586 -0.0931304 0.0868850
vn 0.9793645 -0.0600765 0.1929662
v 0.1279341 -0.1544322 -0.1545141
vn 0.2622283 0.9636445 0.0512404
v 0.0427654 0.1463930 -0.1386890
vn 0.2985983 -0.9543496 -0.0074818
v 0.1111884 -0.1956112 -0.1267740
vn 0.6760975 -0.7365155 0.0209078
v 0.1165343 -0.1945011 -0.0888173
vn 0.1024947 0.3494217 -0.9313428
v -0.0258021 -0.1263121 -0.1626664
vn 0.9174972 -0.1968974 0.3455871
v 0.1307086 -0.1647429 -0.1575027
vn 0.8148351 0.0380112 -0.5784453
v 0.1307098 -0.1599752 -0.1638862
vn 0.2829241 -0.1126447 -0.9525047
v -0.1114664 0.1030600 -0.1635648
vn 0.0359717 0.0558624 0.9977903
v 0.0148727 -0.0289544 0.1674824
vn 0.9991649 -0.0339999 0.0226589
v 0.1912772 0.1005266 -0.1455315
vn -0.0349935 0.3065400 -0.9512144
v -0.0435832 -0.1390022 -0.1720174
vn -0.0692607 0.2480617 0.9662652
v 0.0924906 0.1319183 0.1631336
vn -0.0050588 -0.0957914 -0.9953886
v 0.1289795 0.0907853 -0.1613674
vn 0.1665410 0.4680279 -0.8678790
v -0.0686121 -0.1187326 -0.1644782
vn 0.2153195 0.5618664 -0.7987137
v -0.1242427 -0.1067771 -0.1698359
vn 0.9582626 -0.2857038 -0.0103001
v 0.1863244 0.0819739 -0.0101411
vn 0.9737816 -0.2269254 0.0159481
v 0.1709516 0.0215545 -0.0178223
vn -0.2723199 -0.9571076 -0.0989291
v 0.0521067 -0.1793485 -0.1551692
vn -0.1238644 -0.9920766 0.0210140
v -0.1464561 -0.1241339 -0.1225979
vn -0.2821339 -0.9592423 0.0159585
v -0.0039162 -0.1607552 0.0630025
vn -0.1094772 -0.5100276 -0.8531626
v 0.0676685 0.1205562 -0.1667150
vn -0.0293228 0.0763986 0.9966461
v 0.0669549 -0.1267781 0.1678119
vn 0.1492859 -0.0021923 -0.9887916
v 0.1149484 0.1193425 -0.1818413
vn -0.1481585 -0.9835013 -0.1037995
v -0.1612044 -0.1149638 -0.1739597
vn 0.4074592 -0.5800322 -0.7053649
v -0.1529453 -0.1133076 -0.1807512
vn -0.7081213 -0.3015792 0.6384467
v -0.1917697 -0.1017016 0.1653630
vn 0.0144030 0.0084228 0.9998608
v 0.0271613 -0.0790052 0.1700364
vn -0.0306853 0.0241288 0.9992378
v -0.0381699 0.0111456 0.1652385
vn -0.9659048 0.2588954 0.0010379
v -0.1750406 -0.0411857 -0.1039935
vn 0.9670054 -0.2536135 -0.0240993
v 0.1228703 -0.1591380 0.0227878
vn 0.0352509 0.0300693 0.9989260
v -0.1150591 -0.0541734 0.1720752
vn -0.1679791 0.4087156 -0.8970701
v -0.1592264 -0.0309017 -0.1752081
vn 0.9746994 -0.2180017 0.0493601
v 0.1258734 -0.1445630 -0.0541719
vn -0.5136610 0.1440631 0.8458121
v -0.1770007 -0.0572307 0.1672182
vn 0.8061662 -0.5915458 0.0130252
v 0.1153633 -0.1918001 -0.0124797
vn -0.2713261 -0.9620175 0.0300747
v 0.0512196 -0.1777412 -0.0127124
vn -0.0675226 -0.0920052 0.9934666
v -0.0089285 0.1203353 0.1615363
vn 0.9820535 -0.1841414 0.0407781
v 0.1233112 -0.1652598 -0.0736465
vn 0.1518235 0.0463786 0.9873189
v 0.1257912 0.1086865 0.1686060
vn -0.9746369 0.2233664 0.0138036
v -0.1922432 -0.1013694 -0.0919422
vn -0.0304482 0.0461830 0.9984689
v -0.1328907 -0.0787193 0.1679146
vn -0.2859666 -0.8789601 -0.3816442
v -0.1813944 -0.1151535 -0.1473112
vn 0.9646291 -0.2511798 -0.0799961
v 0.1380088 -0.0990956 0.1473029
vn 0.2681579 0.9630786 -0.0238928
v 0.0637392 0.1459693 -0.0240355
vn -0.0646036 0.0164987 0.9977746
v -0.0133117 0.0938312 0.1610597
vn -0.2707817 -0.9405261 0.2051536
v -0.1401078 -0.1196341 0.1622546
vn 0.2798881 -0.2300374 -0.9320652
v 0.1055995 -0.1935459 -0.1768760
vn -0.0121306 -0.0278910 0.9995373
v -0.1612739 -0.0973533 0.1706071
vn -0.9129532 0.2314679 -0.3360641
v -0.1579071 0.0214445 -0.1605437
vn 0.0743022 0.0259856 0.9968972
v -0.0937467 -0.0512213 0.1662811
vn -0.9538753 0.2702818 0.1306511
v -0.1704498 -0.0136387 0.1575714
vn -0.9536799 0.2498989 0.1674672
v -0.1774613 -0.0381131 0.1584208
vn 0.9597765 -0.2428251 -0.1409441
v 0.1547582 -0.0246436 0.1385800
vn 0.1790410 0.9831354 -0.0372712
v -0.1053003 0.1929887 -0.0246738
vn -0.9670363 0.2496350 -0.0502320
v -0.1560990 0.0345084 0.0164968
vn -0.0091494 0.6303400 -0.7762653
v 0.0210106 -0.1503211 -0.1672291
vn -0.3191021 -0.9390635 -0.1278028
v 0.0770751 -0.1854013 -0.1560142
vn 0.4104413 -0.0983379 -0.9065692
v -0.1463421 -0.0234744 -0.1661183
vn 0.2280171 -0.9730722 0.0337459
v 0.1090552 -0.1929785 0.0670508
vn -0.0030252 0.0727133 0.9973483
v -0.1463418 -0.0241603 0.1659973
vn 0.9706552 -0.2390955 -0.0257273
v 0.1630834 -0.0128829 0.0113905
vn 0.3253143 -0.0616439 -0.9435946
v 0.1636888 -0.0045385 -0.1629214
vn -0.2853338 -0.9579131 -0.0314197
v 0.0265040 -0.1634451 0.1377959
vn 0.1850822 0.6933346 0.6964422
v 0.0856541 0.1414049 0.1591384
vn -0.2436764 -0.9654195 0.0926670
v 0.0561897 -0.1769201 0.1035495
vn -0.0711927 -0.0668031 0.9952231
v 0.0811357 0.1154576 0.1617720
vn -0.9614995 0.2700560 -0.0508777
v -0.1324027 0.1327080 0.0398436
vn 0.2392070 0.9649516 -0.1079278
v 0.0087444 0.1565257 -0.1599055
vn 0.1835906 0.4449845 -0.8765177
v -0.0475926 0.1689023 -0.1757309
vn -0.2280710 -0.0577930 0.9719278
v -0.1772501 -0.0877282 0.1721929
vn -0.0680109 0.0694143 0.9952669
v -0.0049942 0.0717262 0.1635541
vn -0.0136815 0.0297974 0.9994623
v -0.0712357 0.0077470 0.1643793
vn -0.2576923 -0.9636961 0.0698892
v -0.0408625 -0.1519766 -0.0103541
vn -0.0676505 0.0299425 0.9972597
v -0.0463554 -0.0181185 0.1637716
vn 0.9694248 -0.2447030 0.0183307
v 0.1534714 -0.0476120 0.0751359
vn -0.2127696 -0.5162356 -0.8295963
v 0.0259387 0.1402349 -0.1755787
vn -0.9696100 0.2411982 -0.0409873
v -0.1752152 -0.0399249 0.0062745
vn 0.9398303 -0.3404899 0.0280307
v 0.1790636 0.0710541 0.1215156
vn -0.9594694 0.2493926 -0.1312316
v -0.1589487 0.0130738 0.1408480
vn -0.9112347 0.0456994 0.4093444
v -0.0112541 -0.1521209 -0.1804611
vn -0.3031478 -0.9518662 0.0453010
v -0.0727688 -0.1391595 0.1573847
vn -0.3200017 -0.9445326 0.0738725
v -0.0187881 -0.1571442 -0.1058931
vn -0.6027727 -0.7961150 0.0535367
v 0.0016497 -0.1598198 -0.1719516
vn -0.0224136 0.0477453 0.9986081
v -0.0451577 0.0399363 0.1637068
vn -0.9658569 0.2590652 -0.0024073
v -0.1755072 -0.0455084 -0.0279165
vn -0.2340535 -0.9718068 0.0284709
v 0.0686192 -0.1764160 0.1342136
vn -0.8798307 -0.4748074 -0.0213504
v -0.1920476 -0.1080166 0.0504375
vn -0.9668363 0.2524650 -0.0385874
v -0.1539363 0.0449168 0.0227019
vn -0.0953579 0.1195306 0.9882405
v -0.1709781 -0.0786236 0.1722081
vn -0.6957235 0.7175399 -0.0332476
v -0.1155250 0.1895054 -0.1240848
vn 0.0764660 0.0391622 0.9963028
v 0.0527474 -0.1069404 0.1679921
vn -0.0872964 -0.3029255 -0.9490077
v -0.0258683 0.1414128 -0.1645781
vn -0.0562164 0.0047339 -0.9984074
v 0.1186780 -0.0859063 -0.1609080
vn -0.3441958 -0.9384002 -0.0305680
v 0.0234345 -0.1681860 -0.1694226
vn -0.9677841 0.2517653 0.0028616
v -0.1828350 -0.0648459 0.1149778
vn 0.9703506 -0.2416890 0.0024618
v 0.1875712 0.0809815 -0.1116338
vn -0.6642091 -0.1840939 -0.7245245
v -0.1823217 -0.0923110 -0.1819441
vn 0.2700936 0.9603429 -0.0692174
v 0.0967324 0.1398316 0.0286401
vn -0.2651915 -0.9641913 0.0029549
v -0.0449221 -0.1478480 0.0212887
vn -0.1526487 0.0439572 -0.9873025
v -0.1759124 -0.0719551 -0.1822338
vn 0.1012569 0.3489818 -0.9316430
v 0.0478493 -0.1490280 -0.1628940
vn 0.3634182 0.9294165 -0.0641257
v 0.1841831 0.1099052 -0.1692242
vn 0.0070472 -0.0089663 0.9999350
v -0.0877700 0.0978699 0.1679012
vn 0.9607462 -0.2769493 0.0163033
v 0.1299331 -0.1346769 0.0676257
vn 0.9605156 -0.2679612 0.0748769
v 0.1356220 -0.1142037 -0.0622239
vn -0.1858608 -0.6763994 -0.7126988
v 0.0472838 0.1317527 -0.1743263
vn 0.5634936 -0.1702044 0.8083969
v 0.1165274 -0.1709651 0.1694837
vn -0.1164921 -0.5425059 -0.8319357
v -0.0558079 0.1561496 -0.1673499
vn -0.2319881 -0.9663190 -0.1113960
v -0.0486945 -0.1457679 -0.0695362
vn -0.9333978 -0.3587283 0.0090947
v -0.1924919 -0.1085405 -0.0210986
vn -0.0493646 -0.9987801 -0.0011853
v 0.1056134 -0.1953883 -0.1057302
vn 0.9671033 -0.2542652 -0.0077717
v 0.1241987 -0.1610414 0.0564727
vn 0.8213478 -0.2099323 0.5303925
v 0.1493400 -0.0575062 0.1631344
vn -0.0569040 -0.0837388 0.9948617
v -0.0152741 0.1327070 0.1625837
vn -0.6046571 -0.7962286 0.0202461
v -0.1877007 -0.1089009 0.1051730
vn 0.5281662 0.8484088 -0.0352541
v 0.1894329 0.1106887 -0.0809885
vn 0.9241077 -0.3285059 0.1952150
v 0.1203088 -0.1763747 -0.1535129
vn 0.0205491 0.0166433 0.9996503
v 0.0284026 0.1412231 0.1664831
vn 0.4830913 -0.8685718 0.1104805
v 0.1145941 -0.1950160 -0.1554480
vn 0.2881717 0.9568015 -0.0385760
v 0.0129904 0.1613306 0.1006371
vn -0.2019106 -0.1440134 -0.9687581
v -0.1121546 0.1599004 -0.1727087
vn -0.0266648 -0.0167839 0.9995036
v -0.0273393 0.1173397 0.1615801
vn -0.2185322 -0.9757965 -0.0080553
v -0.0848018 -0.1428935 -0.0481672
vn 0.2870823 0.9410261 -0.1790352
v -0.0131631 0.1623176 -0.1599804
vn 0.1538916 0.0717844 -0.9854767
v -0.1410906 -0.0813408 -0.1632487
vn 0.3166422 0.4825636 -0.8166212
v -0.1457014 -0.0948599 -0.1667525
vn 0.1610835 0.4753915 -0.8649018
v -0.1060748 -0.1051233 -0.1637229
vn -0.2143806 -0.9487040 0.2323827
v -0.1616013 -0.1143270 0.1616861
vn -0.2239880 -0.1285984 -0.9660704
v -0.1089991 -0.1235712 -0.1832099
vn -0.5443482 -0.8183116 -0.1845298
v -0.1786774 -0.1086447 -0.1621418
vn 0.9697018 -0.2434613 0.0201235
v 0.1298818 -0.1323306 0.1034408
vn 0.9828598 -0.1669465 0.0782014
v 0.1269829 -0.1506222 -0.1082971
vn 0.9721150 -0.2344450 -0.0052942
v 0.1311364 -0.1279886 -0.1081946
vn -0.1931578 0.9811615 -0.0034945
v -0.1240249 0.2013477 0.1429716
vn -0.1328164 -0.9893957 0.0587885
v 0.1067376 -0.1898702 0.1216553
vn 0.9585893 -0.2696561 0.0916092
v 0.1793795 0.0598536 0.0796343
vn -0.2853416 -0.9583721 -0.0101543
v -0.1312342 -0.1313723 -0.0839601
vn -0.0637748 -0.6694253 -0.7401369
v 0.1236175 0.1092859 -0.1647591
vn -0.9706418 0.2404965 -0.0040033
v -0.1518372 0.0524004 -0.1223236
vn -0.2563899 -0.9663805 -0.0193124
v 0.0380709 -0.1752319 -0.0987489
vn 0.0082794 0.0440549 -0.9989948
v 0.0635650 -0.1306248 -0.1606493
vn 0.0517678 0.1428839 -0.9883847
v -0.0547905 -0.1153335 -0.1619695
vn 0.2744857 0.9535577 -0.1240379
v 0.0956849 0.1368881 0.0134182
vn -0.9970431 -0.0293834 0.0710046
v -0.1817018 -0.0914546 -0.1761954
vn -0.9703771 0.2415194 0.0060498
v -0.1799787 -0.0610337 -0.0452275
vn 0.6317643 -0.7739971 0.0424543
v 0.1144649 -0.1926412 0.0279883
vn 0.9624091 -0.2715294 0.0063617
v 0.1392314 -0.0891325 -0.0292867
vn -0.9657187 0.2594415 -0.0087971
v -0.1835216 -0.0792343 -0.1366486
vn -0.0637845 0.0894798 -0.9939441
v 0.0399501 0.1419355 -0.1808389
vn 0.9643560 -0.2415299 -0.1080778
v 0.1468392 -0.0613492 0.1436364
vn 0.1344466 0.9893243 -0.0562278
v 0.1749743 0.1187510 0.1216532
vn -0.2562473 -0.7911296 -0.5553840
v 0.0515942 -0.1759802 -0.1778608
vn -0.2516834 -0.9635503 0.0906988
v -0.0472526 -0.1513041 -0.1298610
vn 0.0049334 0.0637657 0.9979527
v -0.0196305 0.1603011 0.1657144
vn -0.0557149 0.0160540 0.9983177
v 0.0202929 0.0693352 0.1650737
vn 0.2882369 0.9575394 -0.0061532
v -0.0705290 0.1785539 -0.0686329
vn -0.4931943 0.1558817 -0.8558389
v -0.1539686 0.0070219 -0.1715056
vn -0.9996296 0.0101873 0.0252383
v -0.1921351 -0.1048683 0.0169152
vn 0.0266615 0.0363593 0.9989831
v -0.1086111 0.0123967 0.1653807
vn -0.0249385 0.0421785 0.9987988
v -0.1583121 -0.0430755 0.1700946
vn 0.2538498 0.9574127 -0.1375542
v 0.0420963 0.1487694 -0.1593259
vn 0.0397445 0.4582108 0.8879545
v -0.0484439 0.1742682 0.1639803
vn -0.9737433 0.2262771 0.0249528
v -0.1192863 0.1734290 -0.0102803
vn -0.1618464 0.0778894 -0.9837373
v 0.1427921 -0.0310892 -0.1625739
vn 0.2564977 0.9665322 -0.0049467
v 0.0299463 0.1556725 0.0744956
vn 0.0413121 0.0423761 0.9982473
v -0.1083143 0.0427618 0.1635206
vn 0.1952426 -0.0719227 -0.9781142
v 0.1374973 -0.0799632 -0.1624684
vn -0.0138293 0.0517819 0.9985627
v 0.0798080 0.0217054 0.1618384
vn 0.2573149 0.9626036 -0.0847557
v 0.1453641 0.1215075 -0.1218639
vn 0.9665928 -0.2563166 -0.0004799
v 0.1385541 -0.1061114 -0.0856568
vn 0.2293187 -0.0668314 -0.9710543
v 0.0701591 -0.1728431 -0.1730828
vn -0.2547412 -0.9665381 -0.0301851
v -0.1726659 -0.1218916 -0.1061254
vn -0.9872952 0.1299906 -0.0913816
v -0.1918708 -0.1040787 -0.1415548
vn -0.9664168 0.2568558 -0.0079859
v -0.1618456 0.0083944 -0.0852634
vn 0.7665147 0.6266046 -0.1407904
v 0.1897461 0.1158069 0.1029996
vn -0.3298600 -0.8687899 -0.3693191
v 0.0075759 -0.1656222 -0.1770020
vn -0.3423467 -0.6471323 -0.6811891
v -0.1747268 -0.1090349 -0.1770178
vn -0.3341751 0.9396558 -0.0733078
v -0.1115905 0.1940407 -0.0205536
vn 0.1099759 0.9619812 -0.2499952
v 0.0906234 0.1347365 -0.1644499
vn 0.9304685 0.0734964 -0.3589243
v 0.1601126 -0.0313498 -0.1689453
vn -0.2878883 -0.9573899 0.0229133
v -0.1327991 -0.1225869 0.1175285
vn 0.9679625 -0.2404829 0.0722262
v 0.1658907 0.0062909 0.0805122
vn -0.2411554 -0.9703180 0.0180846
v -0.1634141 -0.1132274 0.1253657
vn -0.9586883 0.2775193 -0.0624491
v -0.1369254 0.1095790 0.0304217
vn -0.9705259 0.2346233 0.0550573
v -0.1632352 0.0007717 -0.0343661
vn -0.9413286 0.2999211 0.1547509
v -0.1832043 -0.0630478 0.1577653
vn 0.9816000 -0.1880705 0.0330305
v 0.1278205 -0.1462037 -0.1336848
vn 0.2276506 0.9448794 0.2353257
v -0.0471960 0.1798342 0.1554889
vn 0.3733222 0.5594062 -0.7400644
v 0.0077841 -0.1559590 -0.1776204
vn -0.0028487 0.0778708 0.9969594
v -0.0662292 0.1647110 0.1632432
vn -0.8489649 0.5162258 0.1130030
v -0.1306978 0.1944426 0.1517538
vn -0.9715441 0.2252770 -0.0731592
v -0.1854691 -0.0806390 -0.1528581
vn -0.3898284 -0.9197311 0.0461373
v -0.1858303 -0.1135194 -0.0066787
vn -0.9685183 0.2453509 -0.0421339
v -0.1606820 0.0135984 -0.1435313
vn -0.0165458 0.9998373 0.0071875
v -0.1092869 0.1952349 0.0666705
vn -0.3477922 -0.8281209 -0.4396093
v -0.0288212 -0.1513238 -0.1689479
vn 0.1757527 -0.4018044 -0.8987014
v -0.0200050 -0.1486876 -0.1732842
vn 0.3146833 0.9436638 -0.1023378
v 0.0042845 0.1580355 -0.0956484
vn 0.3272367 0.9444159 -0.0315427
v -0.0929322 0.1878077 0.0629416
vn -0.0267928 0.0466406 0.9985524
v -0.1125233 0.1666918 0.1602796
vn -0.1082698 0.0117864 0.9940517
v -0.0887576 0.1554976 0.1629240
vn -0.9804330 0.1963801 -0.0136406
v -0.1343814 0.1262019 0.1393457
vn 0.9465613 -0.3223489 0.0106194
v 0.1189254 -0.1846335 -0.0250947
vn -0.2387072 -0.1949432 -0.9513233
v 0.0977723 0.1237065 -0.1815670
vn -0.9662849 0.2563879 -0.0236368
v -0.1273151 0.1509490 -0.1106445
vn -0.3103559 -0.9502355 -0.0270512
v 0.0778754 -0.1858880 -0.0936692
vn 0.9884574 0.1509415 0.0129870
v 0.1916933 0.1078119 0.0762007
vn 0.7513513 0.6569836 -0.0619989
v 0.1886728 0.1142664 0.0924997
vn 0.9638814 -0.2363274 -0.1228090
v 0.1675768 0.0236197 0.1383666
vn 0.1354565 0.2968868 -0.9452565
v -0.1216909 -0.0984251 -0.1639130
vn -0.1657267 -0.5354435 -0.8281515
v 0.0398088 0.1274120 -0.1658869
vn -0.2501152 -0.9679571 0.0223941
v 0.0702971 -0.1822354 0.0564350
vn -0.2326516 -0.9708480 -0.0576846
v -0.0463558 -0.1453248 0.1475632
vn 0.2096231 0.9773787 -0.0280933
v 0.1716154 0.1202837 0.0985252
vn -0.3219136 0.0617149 0.9447555
v -0.1551374 0.0082745 0.1657869
vn -0.9651537 0.2616374 -0.0049281
v -0.1328347 0.1236558 -0.0161523
vn 0.2377220 0.9707931 -0.0323881
v 0.1690630 0.1141818 -0.1209566
vn -0.2752793 -0.9607636 0.0339803
v -0.0174904 -0.1509646 0.1361083
vn -0.1409994 -0.6419058 -0.7537082
v 0.1773772 0.1006963 -0.1775786
vn 0.9767679 -0.2137990 0.0146452
v 0.1900283 0.0979664 -0.0556880
vn -0.2204722 -0.9699254 0.1031347
v -0.0368540 -0.1494262 -0.0832389
vn -0.9575753 0.2732562 -0.0915458
v -0.1720907 -0.0301646 0.1417091
vn 0.1366081 0.3980789 -0.9071226
v 0.0038701 -0.1395379 -0.1631750
vn 0.3484035 0.9372987 0.0092923
v -0.0913833 0.1881774 0.0248970
vn -0.2548260 -0.9668957 0.0132833
v -0.1171817 -0.1269140 0.0983165
vn 0.2582690 0.9646726 0.0519998
v 0.1372516 0.1194428 -0.1452437
vn 0.9756651 -0.2181388 0.0222079
v 0.1864041 0.0818358 0.0573054
vn -0.0067384 0.0426589 0.9990669
v -0.0915636 0.1219078 0.1617351
vn 0.1930050 0.3040856 -0.9328886
v 0.0500396 0.1385019 -0.1796628
vn 0.2487878 0.9684514 -0.0143742
v -0.0640440 0.1784588 0.0353056
vn 0.1259345 -0.0090956 -0.9919969
v -0.1287847 -0.0336871 -0.1617310
vn -0.6162099 -0.7865899 0.0395197
v -0.1894652 -0.1117461 0.0138468
vn 0.5485010 -0.1139145 -0.8283539
v 0.1789685 0.0565234 -0.1615924
vn -0.4386618 0.0391865 0.8977975
v -0.1306161 0.1306716 0.1600465
vn -0.9705064 0.2396111 -0.0265308
v -0.1415600 0.0916671 -0.0109504
vn -0.5993745 0.1765312 0.7807605
v -0.1418509 0.0756952 0.1628828
vn -0.0281041 0.0051464 0.9995918
v -0.0061789 -0.0896623 0.1679067
vn 0.2838775 0.9537332 -0.0990281
v 0.0476645 0.1523290 0.1315556
vn 0.3722702 0.8327164 -0.4098760
v 0.0596732 0.1378540 -0.1749035
vn 0.2722933 0.9621536 0.0108070
v 0.0996904 0.1371199 0.0883857
vn -0.2610323 -0.9653292 -0.0013702
v -0.0713399 -0.1427382 0.0371220
vn -0.9380738 0.0445019 -0.3435654
v -0.1850534 -0.0749518 -0.1782567
vn 0.2618529 0.9643767 0.0375581
v 0.0872806 0.1422160 0.0452607
vn -0.2648360 -0.9638792 0.0282623
v -0.1152146 -0.1321378 -0.1348868
vn -0.9694292 0.2453493 0.0032834
v -0.1651217 -0.0031169 -0.1295160
vn -0.0271568 0.0389032 0.9988739
v 0.0055223 0.0547265 0.1668480
vn -0.0479572 0.0208771 0.9986312
v -0.0043751 0.1014733 0.1626181
vn 0.0303736 0.2320675 0.9722254
v -0.1293624 0.1822943 0.1675119
vn -0.1897513 -0.7870643 -0.5869618
v 0.1349285 0.1094054 -0.1748717
vn -0.0045174 -0.0422525 -0.9990968
v 0.1282672 -0.1019587 -0.1620439
vn -0.1925220 -0.7652524 -0.6142671
v 0.1591246 0.1012256 -0.1656827
vn -0.9708741 0.2344382 0.0494182
v -0.1608936 0.0095662 0.1053762
vn 0.0469335 0.0814739 -0.9955698
v -0.1000081 -0.0865006 -0.1615449
vn -0.1340789 0.4541941 0.8807557
v -0.1257564 0.1887652 0.1614915
vn 0.0578947 0.8685691 -0.4921746
v 0.1264923 0.1201291 -0.1787125
vn -0.2157710 -0.7597591 -0.6133588
v 0.1067177 0.1155738 -0.1763271
vn 0.0432136 -0.9761829 -0.2126018
v -0.1534357 -0.1108131 -0.1707146
vn 0.9929343 0.1174210 0.0171426
v 0.1922290 0.1079046 0.0111481
vn 0.5370584 0.0185692 -0.8433406
v 0.1279887 -0.1310742 -0.1625611
vn -0.2900552 -0.7334190 0.6147883
v -0.1782149 -0.1100034 0.1646236
vn 0.3076304 0.9498873 -0.0554758
v -0.0686384 0.1756484 -0.1319544
vn -0.2548775 -0.9648930 0.0633953
v -0.1092450 -0.1281142 0.1332211
vn 0.2436521 0.9666954 -0.0783174
v 0.0717072 0.1429992 -0.0773992
vn 0.9585197 -0.2842408 -0.0211470
v 0.1471960 -0.0675155 -0.0246018
vn 0.1476864 0.0558509 -0.9874561
v -0.1736307 -0.0830360 -0.1829142
vn 0.5257708 0.2471727 -0.8139231
v -0.1625109 -0.0875687 -0.1756591
vn -0.9806842 -0.0046096 -0.1955436
v -0.1338030 0.1569495 0.1490676
vn -0.0417332 0.6935201 0.7192275
v -0.1171742 0.1976943 0.1570724
vn 0.2687218 0.9621233 -0.0459073
v 0.1017187 0.1332098 -0.0220123
vn -0.3546373 -0.9348934 0.0143776
v -0.0243468 -0.1519396 -0.0805364
vn -0.3585452 0.6021801 -0.7133194
v -0.1667101 -0.0361581 -0.1809306
vn 0.2315819 0.9726679 -0.0169421
v 0.0213812 0.1558693 -0.0433686
vn 0.6019728 0.7980477 -0.0273634
v 0.1880204 0.1124440 -0.0337424
vn 0.9740757 -0.2261527 -0.0056161
v 0.1460898 -0.0800458 0.0395476
vn -0.4844153 -0.7662832 -0.4220805
v -0.0299198 -0.1484354 -0.1813599
vn 0.2180952 0.9640973 -0.1514961
v -0.0758421 0.1804652 -0.1615208
vn 0.9689402 -0.2460853 0.0244318
v 0.1214873 -0.1803583 -0.0852392
vn 0.9644855 -0.2616943 -0.0358293
v 0.1778717 0.0589814 0.0037608
vn 0.9749497 -0.2219632 0.0143329
v 0.1677926 0.0049991 0.0417875
vn -0.9788590 -0.1878009 -0.0810304
v -0.1910731 -0.1032839 0.1294007
vn 0.9726583 -0.2281125 0.0435956
v 0.1890956 0.0947644 -0.0893961
vn -0.9643135 0.2647591 -0.0014735
v -0.1864664 -0.0897353 -0.0323532
vn 0.3079775 0.9092641 -0.2799799
v 0.1198133 0.1210166 -0.1726103
vn -0.3092840 -0.9508584 -0.0145516
v -0.0558824 -0.1463662 0.0827289
vn -0.2757710 -0.9608766 0.0258170
v -0.0750212 -0.1387471 0.1171850
vn 0.2483353 0.9622013 -0.1117957
v -0.0059367 0.1633896 -0.0071628
vn -0.6125320 0.7899680 -0.0274816
v -0.1146085 0.1907313 -0.0932349
vn -0.2485006 -0.9686203 0.0047066
v 0.0519506 -0.1779317 0.0562124
vn 0.9673073 -0.2390129 0.0847905
v 0.1728603 0.0403637 0.0903035
vn -0.9679326 0.2323114 -0.0955923
v -0.1497662 0.0500913 0.1407421
vn -0.0042155 -0.0469577 0.9988880
v 0.0983142 0.0883871 0.1612668
vn 0.2146816 0.9754888 -0.0483057
v 0.0926366 0.1355195 -0.1046167
vn 0.2098770 0.7858706 0.5816864
v -0.0930040 0.1904877 0.1574567
vn 0.0741130 -0.0803079 -0.9940110
v -0.0899786 0.1398899 -0.1635474
vn 0.9652344 -0.2606631 -0.0194262
v 0.1514161 -0.0480003 -0.0368213
vn -0.0449851 -0.0370697 0.9982997
v -0.1015590 0.0996403 0.1670958
vn -0.2547994 -0.9629093 0.0887864
v 0.1083540 -0.1956779 -0.1643971
vn -0.4092001 0.0475468 -0.9112051
v -0.1590488 -0.0167630 -0.1724383
vn 0.9446707 -0.3249300 0.0449202
v 0.1562439 -0.0468557 -0.1583184
vn 0.2674083 0.9630317 -0.0325999
v 0.1294813 0.1264570 -0.0175141
vn -0.9790352 0.2036740 -0.0026537
v -0.1415306 0.0878349 0.1345189
vn 0.2633634 0.9614480 -0.0791055
v -0.0656226 0.1820920 0.0838961
vn -0.2941704 -0.9466039 -0.1319280
v -0.0935113 -0.1399567 -0.1500531
vn 0.9784688 -0.2048027 0.0255879
v 0.1281846 -0.1655117 -0.1220686
vn -0.8670933 -0.4973974 0.0272979
v -0.1933714 -0.1112398 -0.0887405
vn -0.8713881 0.4856823 -0.0692496
v -0.1821767 -0.0636154 -0.1766600
vn -0.1435672 -0.9892918 0.0262734
v 0.1042485 -0.1948267 -0.0477581
vn -0.9570352 0.0972967 -0.2731609
v -0.1350645 0.1779754 0.1496087
vn 0.1046699 0.1205400 -0.9871750
v -0.0693754 -0.1335949 -0.1798562
vn 0.4875415 -0.8730905 0.0040361
v 0.1176704 -0.1971738 -0.1636481
vn 0.2574310 0.9658675 -0.0287977
v 0.1339900 0.1252528 -0.1005762
vn 0.6208007 0.7839677 -0.0011154
v 0.1877665 0.1143581 0.0134965
vn -0.2604626 -0.9645401 -0.0426797
v 0.0326773 -0.1732889 -0.1504897
vn -0.6628907 0.5848414 -0.4674788
v -0.1755059 -0.0547594 -0.1812799
vn -0.9654127 0.2600099 -0.0193170
v -0.1171492 0.1848623 0.0803857
vn 0.9277877 0.3729838 0.0096459
v 0.1920035 0.1105989 0.0521390
vn -0.2482868 -0.8249177 -0.5078035
v -0.0752616 -0.1439687 -0.1619673
vn 0.2164713 0.9709725 -0.1017479
v 0.1416723 0.1184737 -0.1703214
vn -0.9365368 0.1947454 -0.2915016
v -0.1372222 0.1022059 -0.1585173
vn -0.0138947 -0.1461412 -0.9891662
v 0.0835035 0.1020089 -0.1635135
vn -0.4254307 -0.9049072 0.0123171
v -0.1838582 -0.1090535 0.1292637
vn 0.9585921 -0.2661842 0.1012284
v 0.1233559 -0.1706430 -0.1144566
vn 0.2834850 0.9538142 0.0993720
v -0.0774351 0.1782105 -0.1493205
vn -0.0530556 0.9981403 -0.0300169
v -0.1107997 0.1924700 -0.0757312
vn -0.9774886 -0.2109033 -0.0059858
v -0.1917258 -0.1034909 0.1174529
vn -0.9725189 0.2292339 0.0407299
v -0.1551712 0.0351696 -0.0323716
vn 0.2425134 0.4801119 -0.8430184
v 0.0957418 -0.1766308 -0.1751927
vn 0.9605196 -0.2751143 -0.0414032
v 0.1360757 -0.1156898 0.0298482
vn -0.7461941 0.5502527 -0.3747217
v -0.1236126 0.1949192 0.1280344
vn -0.9557610 0.2922175 -0.0336140
v -0.1845605 -0.0888601 0.1016218
vn 0.9654920 -0.2586424 -0.0304859
v 0.1325973 -0.1197209 0.0052050
vn -0.2941821 -0.9556844 0.0111482
v 0.0868979 -0.1866215 0.0224637
vn 0.9487679 -0.2385488 0.2072053
v 0.1584587 -0.0311174 0.1587793
vn -0.2650130 -0.9642316 0.0050596
v -0.0913976 -0.1321176 0.0986355
vn 0.2796027 0.4778548 -0.8327528
v 0.0069116 -0.1484057 -0.1691878
vn -0.3221149 -0.9459369 0.0380210
v -0.1855797 -0.1094004 0.0867568
vn 0.1267588 0.1742672 -0.9765056
v -0.1458655 -0.1042272 -0.1753736
vn -0.9626008 0.2697557 -0.0251328
v -0.1777826 -0.0525916 -0.1475869
vn 0.2168289 0.9758401 0.0268573
v 0.0066835 0.1574017 -0.1357744
vn -0.2683440 -0.9626887 0.0349577
v 0.0222665 -0.1703584 -0.0203362
vn -0.9870993 0.1599996 -0.0059278
v -0.1894505 -0.0992807 0.1011806
vn -0.1603629 -0.5697390 -0.8060281
v 0.0361932 -0.1686626 -0.1804540
vn 0.0020496 -0.2017814 -0.9794285
v -0.0755310 0.1690337 -0.1760425
vn 0.0054348 -0.9997383 0.0222235
v 0.1074577 -0.1934161 0.0456506
vn 0.2675138 0.9617728 -0.0585614
v -0.0280469 0.1654408 -0.1148125
vn -0.0315357 0.1239145 -0.9917917
v 0.1016732 -0.1541443 -0.1615876
vn 0.6654993 -0.0034996 -0.7463903
v -0.1579327 -0.0469886 -0.1784510
vn 0.9656409 -0.2593565 0.0164925
v 0.1813830 0.0696318 -0.0311699
vn 0.2570410 0.9663964 -0.0028399
v 0.1086769 0.1319937 -0.0632111
vn -0.2754701 -0.9590816 0.0654120
v -0.0697135 -0.1448212 -0.0127444
vn 0.9669598 -0.2474527 0.0612849
v 0.1755249 0.0337031 0.0626489
vn -0.9978191 0.0065442 -0.0656831
v -0.1816803 -0.0863711 -0.1680655
vn 0.2579129 0.9658162 -0.0260792
v -0.0490349 0.1730281 -0.0741462
vn -0.9710624 0.2386780 -0.0084010
v -0.1625656 0.0071411 -0.0169702
vn -0.0051142 -0.0540638 -0.9985244
v -0.0533950 0.1202741 -0.1623127
vn 0.9155620 -0.3269612 0.2341848
v 0.1177263 -0.1871440 -0.1546814
vn -0.1229037 -0.7215220 -0.6813961
v -0.0065159 -0.1558451 -0.1701389
vn 0.5029847 -0.2600880 -0.8242334
v 0.1392839 -0.1000824 -0.1626793
vn -0.2818567 -0.9594158 -0.0088437
v 0.0010696 -0.1635811 0.0293517
vn -0.2405315 -0.9706389 -0.0022013
v 0.0578723 -0.1791504 -0.1245218
vn -0.6218418 0.2242504 -0.7503496
v -0.1517449 0.0267730 -0.1682915
vn -0.0180088 -0.0652321 -0.9977077
v 0.0097059 0.1078595 -0.1624947
vn 0.2393974 0.9694040 -0.0542663
v -0.0195689 0.1656541 -0.0234254
vn -0.0232060 0.0047198 -0.9997196
v 0.0967114 -0.0405235 -0.1604603
vn 0.9319517 0.3625699 0.0030296
v 0.1916283 0.1078532 -0.0569929
vn 0.5578093 -0.0596170 -0.8278252
v -0.1503752 -0.0504402 -0.1662949
vn 0.1600383 0.3446836 -0.9249762
v 0.0545032 -0.1661848 -0.1802539
vn 0.2606195 0.9628919 0.0701189
v -0.0469431 0.1686614 -0.1440170
vn 0.2118051 0.9764513 -0.0410055
v -0.1073439 0.1889177 -0.1422379
vn 0.8180049 0.5743055 0.0322693
v 0.1930294 0.1167889 0.1544821
vn -0.6325645 0.7744706 -0.0075851
v -0.1151534 0.1921926 0.0902747
vn 0.8822315 -0.4707884 -0.0050977
v 0.1189720 -0.1894503 -0.1290514
vn 0.2158902 0.9652417 -0.1473090
v 0.1310395 0.1248213 -0.1600282
vn -0.2038855 -0.9789460 0.0097685
v -0.1496405 -0.1234656 -0.0994172
vn 0.9704244 -0.2404516 0.0214392
v 0.1829936 0.0667198 -0.0951020
vn 0.0785137 0.6459171 -0.7593595
v 0.0263995 0.1470612 -0.1758608
vn -0.1496826 -0.2614031 -0.9535531
v 0.0856824 -0.1833172 -0.1811846
vn -0.9693581 0.2455842 -0.0057802
v -0.1342702 0.1209615 -0.1180368
vn -0.2901819 -0.9564176 -0.0325572
v -0.0346501 -0.1498401 0.0657123
vn 0.0121476 0.0051251 -0.9999131
v -0.0885097 -0.0411688 -0.1606672
vn -0.2616791 -0.4391497 -0.8594601
v 0.0143333 -0.1605731 -0.1705209
vn -0.2708021 -0.9619635 0.0359504
v -0.1396242 -0.1230052 0.0624241
vn 0.1506655 0.7057937 -0.6922104
v -0.0799994 0.1753505 -0.1743273
vn -0.2556107 -0.9662245 0.0327644
v -0.0830636 -0.1411911 -0.1357683
vn 0.9834489 -0.1810920 0.0058298
v 0.1214291 -0.1688236 -0.0373965
vn 0.2701970 0.9627942 0.0045866
v 0.0668765 0.1457012 0.0849881
vn 0.9869640 0.1572803 0.0341338
v 0.1929250 0.1035158 -0.1122360
vn 0.1904814 0.9534441 -0.2337973
v 0.0272767 0.1475578 -0.1719336
vn -0.5944029 0.1853233 0.7825219
v -0.1496693 0.0461235 0.1647241
vn -0.5090566 -0.8607327 -0.0007874
v -0.1874688 -0.1174837 -0.1193375
vn 0.3298402 0.5118425 -0.7932357
v 0.1120638 0.1249643 -0.1828690
vn -0.0251465 0.0102737 -0.9996310
v -0.1221388 0.1247651 -0.1730653
vn 0.0410998 -0.0851433 0.9955207
v 0.0496905 0.0763724 0.1661129
vn 0.0650694 0.5839198 -0.8091994
v 0.0350699 -0.1601149 -0.1795021
vn -0.9681160 0.2503270 -0.0093701
v -0.1701531 -0.0196274 -0.0705494
vn 0.8825647 -0.4687337 0.0369903
v 0.1170144 -0.1898915 -0.0564816
vn -0.9619000 0.2720296 -0.0273542
v -0.1852950 -0.0767378 -0.1155263
vn -0.1412998 -0.4039944 -0.9037825
v 0.0011615 0.1461875 -0.1756403
vn -0.9682916 0.2453897 -0.0468545
v -0.1609483 0.0151826 -0.0585912
vn -0.9728852 0.2292255 0.0308224
v -0.1589217 0.0285550 -0.0459229
vn -0.4509623 0.0186646 -0.8923479
v -0.1289216 0.1064782 -0.1718815
vn -0.1118184 0.0769173 -0.9907475
v 0.1135810 -0.1302401 -0.1613038
vn -0.1018220 -0.5085552 -0.8549877
v -0.0474522 0.1595095 -0.1741246
vn -0.1337243 -0.9844528 -0.1138881
v -0.1736144 -0.1097918 -0.1619515
vn -0.2655235 -0.9640508 -0.0101679
v 0.0415263 -0.1742103 0.0297724
vn -0.9674489 0.2512831 -0.0299898
v -0.1211225 0.1678704 0.0789328
vn -0.2596622 -0.0500711 -0.9644005
v 0.1580986 -0.0425164 -0.1706704
vn 0.0135597 0.1039612 -0.9944890
v -0.0601390 0.1695673 -0.1784556
vn -0.0579952 -0.1648151 -0.9846179
v 0.1554709 0.0906990 -0.1623231
vn -0.2350906 -0.9692982 -0.0720647
v -0.0483637 -0.1520402 -0.0466600
vn 0.9625106 -0.2087863 0.1731518
v 0.1230834 -0.1643389 -0.1463751
vn 0.0641060 0.8543717 -0.5156931
v 0.0987837 0.1288822 -0.1794633
vn -0.0217580 -0.0785774 -0.9966705
v 0.0507615 0.0940124 -0.1622482
vn -0.2780362 -0.9605322 -0.0085891
v -0.1516424 -0.1247668 -0.0731140
vn -0.9556521 0.2919392 0.0387368
v -0.1258396 0.1470298 0.0522433
vn 0.9641488 -0.2649795 0.0142516
v 0.1325564 -0.1149083 -0.0418981
vn -0.9665356 0.2560251 0.0161281
v -0.1471809 0.0739632 -0.0179617
vn 0.1994714 0.0283017 -0.9794949
v -0.1470526 0.0103666 -0.1714501
vn -0.9674310 0.2530280 0.0073602
v -0.1212375 0.1683158 -0.0741862
vn 0.9998041 -0.0067260 -0.0186180
v 0.1913255 0.1031680 -0.0304518
vn -0.7584347 0.6517113 0.0070215
v -0.1147295 0.1919154 0.0249326
vn -0.2390293 -0.9219339 -0.3047998
v -0.1333013 -0.1217714 -0.1655965
vn -0.3219053 -0.9449881 -0.0580915
v -0.0126442 -0.1612465 -0.0535484
vn -0.9739494 0.2264083 -0.0127232
v -0.1420274 0.0883411 0.0256139
vn 0.3031401 0.2715068 -0.9134496
v -0.0594588 -0.1328171 -0.1738688
vn 0.4332560 0.3998657 -0.8077108
v 0.1871182 0.1093880 -0.1800075
vn -0.1520067 -0.1249919 -0.9804443
v -0.0019537 -0.1585095 -0.1819775
vn 0.0128641 0.0482364 -0.9987531
v 0.0079251 -0.1119764 -0.1607945
vn 0.9694487 -0.2437382 -0.0275857
v 0.1733688 0.0280426 -0.1528525
vn -0.9663509 0.2561629 0.0233789
v -0.1461067 0.0706836 -0.0010719
vn 0.2716818 -0.1263683 -0.9540546
v -0.1526957 -0.0139277 -0.1726932
vn -0.8484093 0.5289713 -0.0197794
v -0.1168591 0.1872839 -0.0686895
vn 0.2593723 0.9649507 -0.0399522
v 0.0394857 0.1527065 -0.0163107
vn 0.2837138 0.9589080 -0.0013979
v 0.0074535 0.1553908 -0.1100513
vn 0.3001864 0.9484586 -0.1015605
v 0.0218184 0.1499338 -0.0961908
vn 0.0369349 -0.0172784 -0.9991683
v -0.0944698 0.0478668 -0.1613205
vn -0.0015887 -0.2616189 -0.9651700
v -0.1647620 -0.1061068 -0.1810232
vn 0.1527339 -0.2050908 -0.9667524
v -0.1653812 -0.0488621 -0.1836462
vn 0.2410561 0.9596263 -0.1449462
v -0.0553541 0.1760793 -0.1648843
vn -0.5900795 -0.8071391 0.0182416
v -0.1877729 -0.1142985 -0.0312733
vn -0.5598880 0.1698216 -0.8109785
v -0.1192823 0.1476030 -0.1707080
vn 0.0078888 0.6508470 -0.7591679
v -0.1101610 -0.1125847 -0.1739994
vn 0.1350478 0.4958843 -0.8578234
v -0.0435473 -0.1293136 -0.1655021
vn 0.3393496 0.9393973 -0.0487295
v -0.0828858 0.1826335 -0.0305471
vn 0.2671284 0.9636117 0.0097444
v 0.0860761 0.1344215 -0.1423511
vn -0.9143637 0.2914680 -0.2810433
v -0.1776533 -0.0514836 -0.1579081
vn -0.9671842 0.2489818 -0.0506244
v -0.1730287 -0.0320817 -0.1398875
vn 0.4291381 0.4951333 -0.7554360
v -0.0218898 -0.1497127 -0.1809790
# 988 vertices, 0 vertices normals

f 647//647 155//155 116//116
f 335//335 749//749 184//184
f 116//116 41//41 647//647
f 968//968 682//682 127//127
f 106//106 441//441 708//708
f 16//16 647//647 10//10
f 11//11 12//12 236//236
f 15//15 378//378 16//16
f 18//18 361//361 703//703
f 1//1 130//130 21//21
f 824//824 919//919 253//253
f 22//22 586//586 23//23
f 24//24 441//441 390//390
f 452//452 86//86 114//114
f 93//93 115//115 270//270
f 124//124 876//876 226//226
f 536//536 833//833 32//32
f 926//926 94//94 435//435
f 838//838 572//572 33//33
f 624//624 296//296 165//165
f 343//343 558//558 853//853
f 707//707 247//247 189//189
f 36//36 248//248 39//39
f 270//270 28//28 290//290
f 42//42 43//43 822//822
f 79//79 117//117 19//19
f 216//216 600//600 63//63
f 47//47 385//385 604//604
f 31//31 834//834 490//490
f 902//902 953//953 418//418
f 655//655 876//876 124//124
f 482//482 183//183 567//567
f 52//52 250//250 53//53
f 770//770 26//26 412//412
f 524//524 481//481 350//350
f 393//393 724//724 369//369
f 856//856 747//747 767//767
f 158//158 730//730 459//459
f 117//117 6//6 19//19
f 196//196 631//631 562//562
f 274//274 148//148 831//831
f 274//274 248//248 148//148
f 499//499 406//406 145//145
f 571//571 590//590 63//63
f 175//175 88//88 927//927
f 535//535 73//73 223//223
f 186//186 78//78 28//28
f 79//79 653//653 103//103
f 80//80 81//81 796//796
f 661//661 207//207 85//85
f 88//88 89//89 927//927
f 791//791 92//92 949//949
f 95//95 96//96 355//355
f 149//149 511//511 104//104
f 843//843 924//924 784//784
f 812//812 903//903 973//973
f 499//499 1//1 406//406
f 843//843 107//107 11//11
f 751//751 953//953 484//484
f 961//961 374//374 291//291
f 117//117 118//118 114//114
f 199//199 443//443 512//512
f 957//957 775//775 340//340
f 615//615 814//814 227//227
f 904//904 681//681 968//968
f 591//591 619//619 762//762
f 69//69 93//93 77//77
f 791//791 949//949 451//451
f 712//712 139//139 2//2
f 808//808 446//446 833//833
f 115//115 116//116 368//368
f 941//941 859//859 432//432
f 831//831 148//148 65//65
f 590//590 502//502 63//63
f 902//902 632//632 484//484
f 902//902 418//418 895//895
f 379//379 24//24 61//61
f 507//507 840//840 35//35
f 715//715 262//262 173//173
f 98//98 693//693 924//924
f 132//132 631//631 198//198
f 578//578 925//925 936//936
f 68//68 488//488 37//37
f 871//871 440//440 439//439
f 346//346 536//536 505//505
f 956//956 687//687 439//439
f 130//130 146//146 417//417
f 83//83 187//187 170//170
f 191//191 192//192 691//691
f 375//375 464//464 560//560
f 973//973 826//826 159//159
f 690//690 423//423 583//583
f 239//239 198//198 777//777
f 38//38 37//37 455//455
f 185//185 288//288 642//642
f 702//702 259//259 730//730
f 147//147 205//205 206//206
f 207//207 490//490 834//834
f 736//736 210//210 211//211
f 472//472 613//613 950//950
f 258//258 891//891 819//819
f 225//225 698//698 489//489
f 824//824 874//874 142//142
f 304//304 949//949 92//92
f 149//149 104//104 279//279
f 698//698 772//772 222//222
f 284//284 40//40 847//847
f 533//533 334//334 930//930
f 574//574 151//151 592//592
f 286//286 394//394 403//403
f 833//833 536//536 346//346
f 554//554 849//849 237//237
f 593//593 873//873 458//458
f 49//49 985//985 719//719
f 275//275 485//485 184//184
f 69//69 132//132 174//174
f 752//752 576//576 872//872
f 62//62 413//413 263//263
f 37//37 59//59 455//455
f 93//93 21//21 41//41
f 266//266 443//443 199//199
f 407//407 3//3 256//256
f 802//802 501//501 825//825
f 157//157 156//156 604//604
f 623//623 404//404 295//295
f 178//178 513//513 123//123
f 920//920 682//682 793//793
f 691//691 261//261 262//262
f 228//228 269//269 5//5
f 127//127 953//953 322//322
f 595//595 62//62 263//263
f 93//93 270//270 77//77
f 163//163 351//351 197//197
f 956//956 439//439 440//440
f 327//327 181//181 391//391
f 383//383 106//106 274//274
f 122//122 304//304 92//92
f 412//412 903//903 144//144
f 93//93 41//41 116//116
f 660//660 360//360 94//94
f 70//70 599//599 277//277
f 292//292 278//278 279//279
f 636//636 915//915 391//391
f 916//916 616//616 938//938
f 243//243 511//511 86//86
f 631//631 178//178 567//567
f 351//351 75//75 179//179
f 135//135 177//177 370//370
f 282//282 91//91 345//345
f 555//555 982//982 453//453
f 395//395 693//693 761//761
f 770//770 739//739 429//429
f 143//143 289//289 252//252
f 482//482 178//178 61//61
f 257//257 814//814 540//540
f 34//34 239//239 268//268
f 862//862 672//672 578//578
f 21//21 93//93 69//69
f 949//949 773//773 553//553
f 306//306 606//606 420//420
f 955//955 356//356 946//946
f 295//295 404//404 169//169
f 304//304 307//307 386//386
f 265//265 579//579 65//65
f 111//111 830//830 841//841
f 614//614 430//430 161//161
f 786//786 289//289 143//143
f 818//818 258//258 557//557
f 214//214 485//485 243//243
f 521//521 593//593 749//749
f 605//605 626//626 84//84
f 291//291 419//419 961//961
f 98//98 295//295 693//693
f 624//624 289//289 296//296
f 230//230 549//549 61//61
f 939//939 935//935 362//362
f 169//169 693//693 295//295
f 987//987 316//316 569//569
f 630//630 150//150 909//909
f 336//336 195//195 115//115
f 537//537 337//337 597//597
f 336//336 115//115 195//195
f 737//737 338//338 202//202
f 972//972 347//347 348//348
f 78//78 290//290 28//28
f 392//392 213//213 617//617
f 864//864 235//235 984//984
f 721//721 723//723 124//124
f 615//615 460//460 593//593
f 371//371 660//660 372//372
f 42//42 569//569 937//937
f 647//647 16//16 308//308
f 141//141 687//687 645//645
f 26//26 204//204 320//320
f 15//15 10//10 51//51
f 91//91 742//742 345//345
f 174//174 198//198 373//373
f 955//955 374//374 607//607
f 144//144 364//364 412//412
f 778//778 171//171 108//108
f 726//726 242//242 271//271
f 161//161 317//317 500//500
f 660//660 466//466 360//360
f 708//708 441//441 24//24
f 485//485 214//214 335//335
f 381//381 20//20 382//382
f 381//381 382//382 20//20
f 85//85 981//981 661//661
f 388//388 476//476 477//477
f 69//69 77//77 562//562
f 287//287 118//118 103//103
f 106//106 383//383 441//441
f 352//352 400//400 700//700
f 64//64 506//506 670//670
f 285//285 403//403 958//958
f 706//706 699//699 518//518
f 433//433 753//753 825//825
f 391//391 7//7 327//327
f 3//3 420//420 156//156
f 420//420 3//3 407//407
f 569//569 42//42 935//935
f 786//786 611//611 289//289
f 488//488 68//68 145//145
f 861//861 723//723 668//668
f 410//410 970//970 628//628
f 860//860 561//561 81//81
f 623//623 202//202 729//729
f 292//292 491//491 278//278
f 210//210 211//211 338//338
f 178//178 196//196 513//513
f 539//539 201//201 814//814
f 23//23 802//802 330//330
f 542//542 879//879 974//974
f 458//458 653//653 423//423
f 675//675 478//478 626//626
f 350//350 587//587 427//427
f 367//367 893//893 885//885
f 759//759 122//122 92//92
f 258//258 818//818 267//267
f 932//932 941//941 432//432
f 217//217 432//432 424//424
f 465//465 831//831 65//65
f 168//168 200//200 308//308
f 390//390 695//695 786//786
f 14//14 449//449 330//330
f 144//144 696//696 984//984
f 232//232 859//859 426//426
f 284//284 847//847 312//312
f 740//740 446//446 808//808
f 423//423 164//164 336//336
f 586//586 668//668 723//723
f 502//502 194//194 63//63
f 50//50 268//268 215//215
f 34//34 455//455 59//59
f 9//9 172//172 595//595
f 930//930 712//712 434//434
f 335//335 184//184 485//485
f 948//948 943//943 461//461
f 90//90 91//91 282//282
f 59//59 406//406 373//373
f 119//119 438//438 835//835
f 826//826 320//320 159//159
f 41//41 10//10 647//647
f 373//373 239//239 34//34
f 138//138 305//305 643//643
f 675//675 378//378 478//478
f 300//300 898//898 469//469
f 166//166 218//218 226//226
f 792//792 830//830 111//111
f 736//736 442//442 210//210
f 675//675 514//514 378//378
f 725//725 894//894 866//866
f 236//236 237//237 849//849
f 584//584 973//973 486//486
f 914//914 784//784 231//231
f 292//292 275//275 491//491
f 926//926 780//780 783//783
f 955//955 30//30 356//356
f 487//487 767//767 450//450
f 884//884 686//686 277//277
f 696//696 864//864 984//984
f 553//553 773//773 224//224
f 198//198 239//239 373//373
f 566//566 610//610 492//492
f 962//962 512//512 443//443
f 494//494 495//495 929//929
f 521//521 749//749 335//335
f 321//321 450//450 354//354
f 496//496 742//742 299//299
f 921//921 875//875 596//596
f 14//14 477//477 449//449
f 145//145 146//146 499//499
f 414//414 161//161 430//430
f 407//407 273//273 399//399
f 388//388 50//50 67//67
f 23//23 449//449 22//22
f 123//123 61//61 178//178
f 939//939 362//362 940//940
f 617//617 213//213 365//365
f 511//511 243//243 104//104
f 145//145 406//406 488//488
f 518//518 699//699 63//63
f 381//381 632//632 298//298
f 1//1 499//499 130//130
f 633//633 942//942 681//681
f 355//355 883//883 508//508
f 709//709 363//363 851//851
f 427//427 837//837 524//524
f 868//868 871//871 539//539
f 120//120 337//337 917//917
f 978//978 887//887 527//527
f 260//260 399//399 933//933
f 848//848 496//496 807//807
f 513//513 290//290 6//6
f 602//602 530//530 52//52
f 706//706 518//518 165//165
f 535//535 966//966 759//759
f 521//521 180//180 287//287
f 284//284 743//743 575//575
f 530//530 181//181 538//538
f 17//17 552//552 167//167
f 349//349 244//244 615//615
f 543//543 531//531 651//651
f 411//411 148//148 248//248
f 358//358 881//881 870//870
f 494//494 929//929 219//219
f 656//656 470//470 905//905
f 571//571 581//581 476//476
f 243//243 485//485 104//104
f 288//288 175//175 550//550
f 376//376 733//733 980//980
f 621//621 38//38 329//329
f 237//237 667//667 554//554
f 50//50 215//215 430//430
f 555//555 667//667 982//982
f 871//871 439//439 687//687
f 254//254 781//781 639//639
f 417//417 126//126 130//130
f 561//561 646//646 401//401
f 826//826 903//903 209//209
f 375//375 603//603 464//464
f 178//178 482//482 567//567
f 781//781 5//5 229//229
f 695//695 273//273 611//611
f 297//297 34//34 268//268
f 329//329 14//14 330//330
f 166//166 133//133 627//627
f 265//265 148//148 411//411
f 848//848 380//380 496//496
f 179//179 75//75 579//579
f 582//582 203//203 533//533
f 872//872 576//576 4//4
f 577//577 662//662 787//787
f 662//662 27//27 310//310
f 316//316 732//732 688//688
f 134//134 70//70 221//221
f 671//671 200//200 221//221
f 109//109 889//889 840//840
f 292//292 279//279 104//104
f 918//918 113//113 415//415
f 97//97 54//54 83//83
f 289//289 611//611 296//296
f 255//255 700//700 600//600
f 208//208 549//549 230//230
f 583//583 200//200 671//671
f 545//545 211//211 983//983
f 336//336 186//186 115//115
f 352//352 571//571 400//400
f 221//221 200//200 514//514
f 317//317 252//252 500//500
f 652//652 70//70 277//277
f 925//925 743//743 936//936
f 512//512 962//962 251//251
f 808//808 346//346 674//674
f 984//984 235//235 594//594
f 256//256 3//3 654//654
f 210//210 988//988 815//815
f 977//977 806//806 565//565
f 757//757 185//185 709//709
f 916//916 160//160 689//689
f 418//418 127//127 920//920
f 585//585 611//611 787//787
f 656//656 905//905 89//89
f 233//233 820//820 238//238
f 360//360 466//466 205//205
f 310//310 611//611 585//585
f 75//75 191//191 303//303
f 840//840 519//519 35//35
f 729//729 202//202 623//623
f 18//18 756//756 302//302
f 349//349 227//227 201//201
f 456//456 747//747 318//318
f 390//390 441//441 933//933
f 903//903 826//826 973//973
f 296//296 611//611 310//310
f 352//352 629//629 588//588
f 475//475 515//515 240//240
f 352//352 574//574 629//629
f 352//352 588//588 581//581
f 458//458 690//690 593//593
f 292//292 104//104 485//485
f 321//321 354//354 556//556
f 404//404 634//634 343//343
f 192//192 191//191 75//75
f 48//48 654//654 3//3
f 894//894 625//625 392//392
f 637//637 717//717 87//87
f 420//420 407//407 399//399
f 499//499 146//146 130//130
f 444//444 852//852 353//353
f 590//590 476//476 388//388
f 152//152 728//728 46//46
f 559//559 246//246 251//251
f 464//464 245//245 758//758
f 641//641 596//596 763//763
f 406//406 488//488 145//145
f 185//185 642//642 223//223
f 504//504 251//251 962//962
f 652//652 671//671 221//221
f 155//155 647//647 308//308
f 702//702 728//728 32//32
f 577//577 787//787 273//273
f 585//585 787//787 662//662
f 368//368 195//195 115//115
f 523//523 47//47 303//303
f 658//658 157//157 48//48
f 192//192 261//261 691//691
f 624//624 518//518 612//612
f 514//514 200//200 168//168
f 101//101 246//246 559//559
f 6//6 36//36 379//379
f 896//896 657//657 912//912
f 592//592 151//151 591//591
f 391//391 212//212 636//636
f 194//194 502//502 520//520
f 120//120 350//350 481//481
f 882//882 692//692 343//343
f 36//36 86//86 57//57
f 566//566 492//492 233//233
f 700//700 255//255 151//151
f 381//381 342//342 20//20
f 371//371 372//372 204//204
f 50//50 60//60 268//268
f 508//508 883//883 461//461
f 714//714 220//220 13//13
f 290//290 513//513 196//196
f 292//292 485//485 275//275
f 102//102 672//672 673//673
f 916//916 938//938 20//20
f 567//567 183//183 405//405
f 859//859 333//333 426//426
f 936//936 544//544 817//817
f 619//619 45//45 494//494
f 312//312 428//428 409//409
f 635//635 271//271 242//242
f 282//282 345//345 776//776
f 593//593 690//690 615//615
f 330//330 357//357 621//621
f 400//400 600//600 700//700
f 809//809 683//683 519//519
f 44//44 220//220 939//939
f 221//221 514//514 134//134
f 69//69 562//562 132//132
f 539//539 871//871 687//687
f 662//662 577//577 654//654
f 854//854 640//640 846//846
f 803//803 584//584 809//809
f 406//406 59//59 488//488
f 107//107 669//669 11//11
f 158//158 206//206 702//702
f 316//316 937//937 569//569
f 173//173 491//491 454//454
f 694//694 654//654 147//147
f 366//366 867//867 344//344
f 697//697 66//66 589//589
f 235//235 348//348 594//594
f 901//901 697//697 589//589
f 766//766 398//398 985//985
f 165//165 293//293 305//305
f 193//193 60//60 14//14
f 234//234 222//222 772//772
f 158//158 694//694 206//206
f 881//881 339//339 655//655
f 630//630 462//462 745//745
f 95//95 136//136 96//96
f 643//643 305//305 293//293
f 118//118 287//287 180//180
f 219//219 776//776 345//345
f 909//909 801//801 863//863
f 152//152 46//46 466//466
f 574//574 492//492 629//629
f 656//656 109//109 470//470
f 590//590 388//388 67//67
f 385//385 157//157 604//604
f 60//60 388//388 477//477
f 897//897 295//295 736//736
f 278//278 128//128 279//279
f 213//213 822//822 225//225
f 600//600 216//216 370//370
f 694//694 459//459 654//654
f 694//694 158//158 459//459
f 899//899 468//468 29//29
f 716//716 634//634 921//921
f 492//492 610//610 629//629
f 705//705 448//448 331//331
f 171//171 778//778 360//360
f 475//475 503//503 515//515
f 240//240 507//507 35//35
f 610//610 588//588 629//629
f 550//550 272//272 288//288
f 720//720 839//839 250//250
f 816//816 863//863 979//979
f 46//46 206//206 205//205
f 928//928 160//160 916//916
f 362//362 625//625 725//725
f 793//793 667//667 750//750
f 397//397 677//677 231//231
f 490//490 207//207 461//461
f 728//728 702//702 206//206
f 793//793 554//554 667//667
f 579//579 167//167 65//65
f 650//650 733//733 772//772
f 911//911 387//387 735//735
f 586//586 802//802 23//23
f 135//135 706//706 177//177
f 509//509 768//768 459//459
f 739//739 419//419 735//735
f 740//740 741//741 74//74
f 704//704 602//602 52//52
f 27//27 768//768 643//643
f 394//394 286//286 976//976
f 776//776 177//177 282//282
f 744//744 796//796 473//473
f 459//459 768//768 27//27
f 678//678 796//796 326//326
f 331//331 973//973 159//159
f 509//509 459//459 730//730
f 163//163 279//279 128//128
f 318//318 747//747 748//748
f 170//170 794//794 731//731
f 753//753 621//621 825//825
f 204//204 26//26 429//429
f 646//646 751//751 616//616
f 536//536 728//728 479//479
f 593//593 287//287 873//873
f 124//124 226//226 922//922
f 433//433 758//758 753//753
f 417//417 478//478 182//182
f 630//630 309//309 462//462
f 324//324 73//73 276//276
f 474//474 743//743 440//440
f 454//454 456//456 318//318
f 464//464 758//758 433//433
f 726//726 492//492 574//574
f 222//222 218//218 627//627
f 626//626 605//605 752//752
f 726//726 574//574 592//592
f 583//583 195//195 200//200
f 220//220 44//44 113//113
f 477//477 476//476 449//449
f 435//435 108//108 523//523
f 495//495 755//755 370//370
f 728//728 206//206 46//46
f 876//876 655//655 339//339
f 406//406 145//145 488//488
f 32//32 833//833 446//446
f 90//90 282//282 836//836
f 763//763 338//338 545//545
f 494//494 45//45 495//495
f 180//180 335//335 214//214
f 900//900 746//746 680//680
f 174//174 1//1 69//69
f 356//356 496//496 380//380
f 160//160 701//701 779//779
f 924//924 395//395 397//397
f 675//675 752//752 447//447
f 760//760 888//888 359//359
f 829//829 749//749 460//460
f 534//534 768//768 741//741
f 658//658 156//156 157//157
f 75//75 303//303 17//17
f 842//842 739//739 387//387
f 99//99 448//448 783//783
f 600//600 370//370 755//755
f 803//803 975//975 525//525
f 685//685 213//213 625//625
f 754//754 240//240 515//515
f 610//610 566//566 800//800
f 451//451 553//553 678//678
f 293//293 165//165 296//296
f 336//336 583//583 423//423
f 159//159 320//320 319//319
f 984//984 364//364 144//144
f 193//193 329//329 38//38
f 676//676 829//829 891//891
f 89//89 760//760 821//821
f 90//90 836//836 768//768
f 503//503 191//191 515//515
f 164//164 423//423 653//653
f 929//929 177//177 776//776
f 360//360 205//205 72//72
f 755//755 495//495 45//45
f 264//264 261//261 163//163
f 491//491 173//173 262//262
f 870//870 271//271 635//635
f 41//41 51//51 10//10
f 842//842 429//429 739//739
f 47//47 604//604 303//303
f 126//126 41//41 130//130
f 164//164 186//186 336//336
f 83//83 170//170 97//97
f 341//341 309//309 136//136
f 446//446 740//740 74//74
f 504//504 107//107 843//843
f 314//314 907//907 315//315
f 775//775 964//964 393//393
f 491//491 262//262 910//910
f 125//125 773//773 212//212
f 591//591 255//255 45//45
f 297//297 193//193 455//455
f 788//788 794//794 170//170
f 49//49 701//701 542//542
f 15//15 182//182 378//378
f 129//129 961//961 516//516
f 112//112 247//247 839//839
f 451//451 326//326 789//789
f 984//984 594//594 364//364
f 781//781 142//142 140//140
f 540//540 615//615 690//690
f 662//662 654//654 27//27
f 36//36 6//6 114//114
f 97//97 774//774 54//54
f 828//828 752//752 605//605
f 208//208 143//143 252//252
f 580//580 42//42 937//937
f 179//179 197//197 351//351
f 268//268 777//777 215//215
f 307//307 122//122 272//272
f 904//904 224//224 704//704
f 79//79 78//78 186//186
f 349//349 201//201 601//601
f 527//527 332//332 640//640
f 832//832 803//803 889//889
f 269//269 301//301 377//377
f 483//483 30//30 964//964
f 311//311 959//959 745//745
f 773//773 386//386 212//212
f 740//740 808//808 794//794
f 715//715 754//754 262//262
f 28//28 115//115 186//186
f 245//245 753//753 758//758
f 770//770 764//764 739//739
f 264//264 163//163 278//278
f 91//91 299//299 742//742
f 300//300 469//469 799//799
f 494//494 219//219 830//830
f 408//408 409//409 746//746
f 897//897 736//736 737//737
f 614//614 612//612 194//194
f 463//463 381//381 298//298
f 299//299 774//774 97//97
f 586//586 721//721 802//802
f 189//189 498//498 469//469
f 626//626 417//417 84//84
f 476//476 590//590 571//571
f 547//547 493//493 445//445
f 221//221 70//70 652//652
f 563//563 823//823 795//795
f 89//89 821//821 927//927
f 762//762 242//242 592//592
f 470//470 109//109 813//813
f 619//619 494//494 830//830
f 792//792 437//437 56//56
f 681//681 641//641 763//763
f 774//774 90//90 768//768
f 720//720 52//52 538//538
f 265//265 411//411 179//179
f 100//100 608//608 664//664
f 87//87 564//564 670//670
f 549//549 183//183 482//482
f 824//824 825//825 874//874
f 386//386 636//636 212//212
f 212//212 391//391 969//969
f 255//255 755//755 45//45
f 459//459 27//27 654//654
f 785//785 734//734 987//987
f 509//509 741//741 768//768
f 170//170 848//848 807//807
f 508//508 461//461 207//207
f 781//781 140//140 384//384
f 649//649 761//761 810//810
f 834//834 976//976 548//548
f 786//786 695//695 611//611
f 261//261 192//192 351//351
f 874//874 765//765 140//140
f 204//204 319//319 320//320
f 275//275 184//184 618//618
f 878//878 33//33 986//986
f 858//858 795//795 913//913
f 734//734 589//589 66//66
f 691//691 262//262 754//754
f 964//964 30//30 724//724
f 177//177 706//706 138//138
f 424//424 918//918 745//745
f 290//290 78//78 6//6
f 567//567 777//777 198//198
f 731//731 808//808 674//674
f 558//558 408//408 900//900
f 15//15 16//16 10//10
f 762//762 619//619 56//56
f 722//722 829//829 460//460
f 214//214 243//243 452//452
f 740//740 55//55 534//534
f 936//936 312//312 544//544
f 819//819 244//244 349//349
f 595//595 172//172 62//62
f 258//258 601//601 119//119
f 324//324 789//789 326//326
f 619//619 591//591 45//45
f 731//731 794//794 808//808
f 345//345 742//742 841//841
f 849//849 554//554 965//965
f 358//358 870//870 437//437
f 86//86 511//511 57//57
f 234//234 377//377 301//301
f 635//635 437//437 870//870
f 870//870 865//865 820//820
f 526//526 457//457 311//311
f 133//133 222//222 627//627
f 262//262 261//261 910//910
f 99//99 331//331 448//448
f 244//244 460//460 615//615
f 402//402 481//481 837//837
f 117//117 103//103 118//118
f 577//577 273//273 256//256
f 817//817 544//544 862//862
f 697//697 838//838 66//66
f 489//489 358//358 365//365
f 60//60 297//297 268//268
f 792//792 111//111 471//471
f 281//281 340//340 526//526
f 129//129 703//703 961//961
f 401//401 646//646 769//769
f 380//380 848//848 731//731
f 457//457 526//526 18//18
f 652//652 644//644 671//671
f 474//474 570//570 686//686
f 844//844 862//862 912//912
f 976//976 895//895 418//418
f 624//624 568//568 289//289
f 935//935 685//685 362//362
f 110//110 447//447 752//752
f 726//726 592//592 242//242
f 458//458 423//423 690//690
f 846//846 517//517 154//154
f 644//644 868//868 257//257
f 719//719 473//473 49//49
f 503//503 475//475 780//780
f 536//536 479//479 505//505
f 800//800 668//668 22//22
f 174//174 132//132 198//198
f 508//508 661//661 341//341
f 453//453 669//669 107//107
f 762//762 635//635 242//242
f 913//913 823//823 398//398
f 602//602 25//25 530//530
f 56//56 635//635 762//762
f 977//977 717//717 637//637
f 117//117 114//114 6//6
f 891//891 267//267 767//767
f 569//569 935//935 714//714
f 934//934 162//162 907//907
f 134//134 675//675 447//447
f 405//405 414//414 215//215
f 606//606 465//465 552//552
f 25//25 969//969 530//530
f 533//533 930//930 131//131
f 559//559 784//784 914//914
f 849//849 442//442 857//857
f 468//468 639//639 613//613
f 528//528 856//856 852//852
f 11//11 857//857 843//843
f 835//835 141//141 467//467
f 770//770 364//364 764//764
f 190//190 657//657 896//896
f 253//253 464//464 433//433
f 529//529 679//679 113//113
f 473//473 81//81 561//561
f 269//269 377//377 677//677
f 958//958 403//403 394//394
f 48//48 72//72 147//147
f 836//836 643//643 768//768
f 345//345 830//830 219//219
f 370//370 177//177 929//929
f 860//860 81//81 80//80
f 402//402 651//651 409//409
f 728//728 152//152 479//479
f 751//751 561//561 953//953
f 380//380 731//731 869//869
f 444//444 507//507 852//852
f 559//559 914//914 139//139
f 788//788 170//170 187//187
f 164//164 653//653 186//186
f 638//638 519//519 683//683
f 437//437 365//365 358//358
f 30//30 607//607 724//724
f 560//560 899//899 375//375
f 749//749 829//829 184//184
f 874//874 140//140 142//142
f 767//767 747//747 456//456
f 765//765 501//501 721//721
f 17//17 167//167 579//579
f 822//822 698//698 225//225
f 290//290 196//196 270//270
f 978//978 527//527 153//153
f 676//676 456//456 618//618
f 568//568 612//612 614//614
f 747//747 421//421 748//748
f 501//501 874//874 825//825
f 402//402 408//408 481//481
f 235//235 864//864 972//972
f 230//230 24//24 390//390
f 400//400 63//63 600//600
f 562//562 270//270 196//196
f 245//245 464//464 603//603
f 464//464 253//253 560//560
f 890//890 5//5 269//269
f 574//574 700//700 151//151
f 510//510 280//280 505//505
f 792//792 471//471 263//263
f 945//945 828//828 375//375
f 945//945 375//375 899//899
f 420//420 399//399 260//260
f 655//655 723//723 861//861
f 489//489 133//133 358//358
f 765//765 721//721 124//124
f 200//200 155//155 308//308
f 195//195 336//336 115//115
f 205//205 147//147 72//72
f 884//884 872//872 4//4
f 559//559 251//251 504//504
f 256//256 654//654 577//577
f 838//838 598//598 572//572
f 831//831 383//383 274//274
f 875//875 202//202 763//763
f 638//638 783//783 35//35
f 535//535 276//276 73//73
f 852//852 798//798 353//353
f 430//430 215//215 414//414
f 516//516 961//961 419//419
f 523//523 108//108 47//47
f 284//284 575//575 40//40
f 565//565 797//797 564//564
f 580//580 43//43 42//42
f 371//371 204//204 429//429
f 757//757 851//851 656//656
f 136//136 137//137 96//96
f 542//542 701//701 608//608
f 510//510 479//479 152//152
f 631//631 196//196 178//178
f 881//881 655//655 865//865
f 668//668 800//800 861//861
f 361//361 18//18 302//302
f 361//361 302//302 18//18
f 227//227 349//349 615//615
f 39//39 379//379 36//36
f 503//503 523//523 191//191
f 705//705 660//660 94//94
f 492//492 726//726 233//233
f 258//258 819//819 601//601
f 140//140 765//765 922//922
f 952//952 398//398 823//823
f 542//542 608//608 879//879
f 953//953 127//127 418//418
f 299//299 807//807 496//496
f 707//707 790//790 633//633
f 270//270 562//562 77//77
f 985//985 542//542 363//363
f 371//371 152//152 466//466
f 978//978 811//811 887//887
f 665//665 666//666 389//389
f 48//48 147//147 654//654
f 524//524 837//837 481//481
f 882//882 716//716 522//522
f 424//424 859//859 232//232
f 99//99 486//486 331//331
f 197//197 511//511 149//149
f 550//550 636//636 386//386
f 103//103 653//653 873//873
f 85//85 207//207 425//425
f 921//921 634//634 404//404
f 344//344 867//867 431//431
f 874//874 501//501 765//765
f 50//50 520//520 67//67
f 352//352 581//581 571//571
f 294//294 529//529 232//232
f 884//884 110//110 872//872
f 585//585 662//662 310//310
f 805//805 332//332 806//806
f 313//313 587//587 867//867
f 475//475 240//240 780//780
f 805//805 640//640 332//332
f 305//305 138//138 706//706
f 678//678 80//80 796//796
f 870//870 820//820 271//271
f 496//496 8//8 742//742
f 452//452 243//243 86//86
f 64//64 713//713 732//732
f 380//380 869//869 241//241
f 844//844 912//912 657//657
f 330//330 621//621 329//329
f 323//323 58//58 486//486
f 830//830 792//792 619//619
f 474//474 575//575 743//743
f 852//852 507//507 528//528
f 892//892 64//64 517//517
f 523//523 503//503 780//780
f 670//670 131//131 64//64
f 244//244 819//819 722//722
f 176//176 979//979 664//664
f 843//843 784//784 504//504
f 866//866 894//894 9//9
f 842//842 510//510 152//152
f 311//311 415//415 526//526
f 29//29 472//472 880//880
f 319//319 372//372 705//705
f 155//155 200//200 368//368
f 707//707 898//898 790//790
f 52//52 53//53 704//704
f 179//179 579//579 265//265
f 396//396 576//576 497//497
f 560//560 254//254 899//899
f 61//61 123//123 379//379
f 346//346 505//505 674//674
f 168//168 308//308 16//16
f 253//253 433//433 824//824
f 853//853 169//169 404//404
f 240//240 35//35 780//780
f 282//282 177//177 138//138
f 365//365 225//225 489//489
f 129//129 516//516 594//594
f 126//126 182//182 51//51
f 979//979 100//100 664//664
f 478//478 378//378 182//182
f 478//478 417//417 626//626
f 240//240 421//421 507//507
f 135//135 699//699 706//706
f 861//861 238//238 820//820
f 497//497 576//576 880//880
f 11//11 236//236 857//857
f 152//152 371//371 842//842
f 528//528 507//507 421//421
f 101//101 334//334 203//203
f 632//632 902//902 895//895
f 527//527 640//640 854//854
f 137//137 630//630 909//909
f 824//824 142//142 919//919
f 338//338 763//763 202//202
f 601//601 438//438 119//119
f 776//776 219//219 929//929
f 175//175 185//185 757//757
f 950//950 890//890 663//663
f 5//5 781//781 384//384
f 844//844 672//672 862//862
f 732//732 517//517 64//64
f 224//224 25//25 602//602
f 876//876 166//166 226//226
f 387//387 911//911 280//280
f 881//881 865//865 870//870
f 881//881 358//358 339//339
f 30//30 483//483 8//8
f 822//822 650//650 698//698
f 257//257 868//868 814//814
f 89//89 905//905 760//760
f 640//640 805//805 782//782
f 882//882 522//522 934//934
f 622//622 325//325 810//810
f 479//479 510//510 505//505
f 689//689 616//616 916//916
f 264//264 910//910 261//261
f 917//917 337//337 431//431
f 533//533 203//203 334//334
f 887//887 572//572 906//906
f 967//967 623//623 620//620
f 8//8 483//483 111//111
f 567//567 198//198 631//631
f 419//419 739//739 764//764
f 772//772 733//733 234//234
f 906//906 598//598 771//771
f 911//911 855//855 241//241
f 911//911 241//241 280//280
f 946//946 241//241 855//855
f 209//209 412//412 26//26
f 554//554 682//682 983//983
f 424//424 432//432 859//859
f 44//44 939//939 940//940
f 857//857 442//442 98//98
f 526//526 393//393 756//756
f 948//948 883//883 923//923
f 307//307 550//550 386//386
f 8//8 111//111 841//841
f 850//850 659//659 837//837
f 64//64 892//892 506//506
f 175//175 757//757 88//88
f 2//2 434//434 712//712
f 508//508 207//207 661//661
f 239//239 777//777 268//268
f 437//437 413//413 365//365
f 891//891 722//722 819//819
f 194//194 520//520 430//430
f 573//573 102//102 645//645
f 187//187 83//83 54//54
f 868//868 652//652 570//570
f 878//878 987//987 33//33
f 171//171 72//72 48//48
f 959//959 347//347 972//972
f 790//790 799//799 942//942
f 514//514 168//168 378//378
f 254//254 468//468 899//899
f 431//431 337//337 711//711
f 890//890 229//229 5//5
f 250//250 839//839 247//247
f 273//273 787//787 611//611
f 368//368 200//200 195//195
f 47//47 108//108 385//385
f 376//376 234//234 733//733
f 952//952 823//823 931//931
f 277//277 599//599 884//884
f 317//317 161//161 414//414
f 311//311 918//918 415//415
f 39//39 248//248 106//106
f 926//926 783//783 448//448
f 570//570 277//277 686//686
f 138//138 836//836 282//282
f 487//487 852//852 856//856
f 793//793 665//665 771//771
f 542//542 975//975 121//121
f 171//171 360//360 72//72
f 299//299 91//91 774//774
f 201//201 539//539 804//804
f 948//948 979//979 609//609
f 142//142 781//781 919//919
f 513//513 379//379 123//123
f 264//264 278//278 910//910
f 248//248 57//57 411//411
f 762//762 592//592 591//591
f 587//587 190//190 850//850
f 333//333 548//548 286//286
f 313//313 493//493 547//547
f 451//451 789//789 791//791
f 163//163 128//128 278//278
f 260//260 383//383 306//306
f 176//176 943//943 609//609
f 904//904 633//633 681//681
f 48//48 385//385 171//171
f 450//450 321//321 487//487
f 483//483 410//410 471//471
f 599//599 110//110 884//884
f 562//562 631//631 132//132
f 63//63 194//194 612//612
f 328//328 845//845 580//580
f 359//359 888//888 7//7
f 487//487 321//321 798//798
f 233//233 271//271 820//820
f 586//586 723//723 721//721
f 504//504 962//962 107//107
f 355//355 923//923 883//883
f 886//886 641//641 681//681
f 937//937 328//328 580//580
f 600//600 755//755 255//255
f 831//831 465//465 383//383
f 193//193 38//38 455//455
f 710//710 141//141 645//645
f 486//486 99//99 323//323
f 456//456 491//491 618//618
f 568//568 624//624 612//612
f 510//510 842//842 387//387
f 111//111 483//483 471//471
f 570//570 440//440 871//871
f 271//271 233//233 726//726
f 415//415 113//113 281//281
f 185//185 766//766 709//709
f 254//254 639//639 468//468
f 291//291 416//416 419//419
f 878//878 986//986 732//732
f 354//354 450//450 818//818
f 255//255 591//591 151//151
f 371//371 466//466 660//660
f 40//40 686//686 4//4
f 655//655 861//861 865//865
f 440//440 570//570 474//474
f 805//805 977//977 637//637
f 650//650 772//772 698//698
f 213//213 225//225 365//365
f 124//124 922//922 765//765
f 785//785 569//569 714//714
f 621//621 37//37 38//38
f 486//486 58//58 584//584
f 924//924 397//397 231//231
f 793//793 750//750 665//665
f 590//590 67//67 502//502
f 356//356 8//8 496//496
f 649//649 480//480 761//761
f 594//594 348//348 718//718
f 275//275 618//618 491//491
f 754//754 748//748 421//421
f 363//363 542//542 121//121
f 979//979 908//908 100//100
f 105//105 348//348 347//347
f 204//204 372//372 319//319
f 419//419 416//416 735//735
f 285//285 286//286 403//403
f 779//779 160//160 769//769
f 9//9 595//595 628//628
f 832//832 363//363 121//121
f 372//372 660//660 705//705
f 549//549 208//208 317//317
f 141//141 804//804 687//687
f 305//305 706//706 165//165
f 528//528 421//421 856//856
f 267//267 450//450 767//767
f 437//437 263//263 413//413
f 927//927 821//821 636//636
f 146//146 84//84 417//417
f 394//394 771//771 598//598
f 649//649 950//950 480//480
f 829//829 676//676 618//618
f 209//209 26//26 320//320
f 376//376 377//377 234//234
f 569//569 785//785 987//987
f 907//907 162//162 315//315
f 785//785 714//714 13//13
f 644//644 652//652 868//868
f 405//405 777//777 567//567
f 633//633 790//790 942//942
f 402//402 837//837 659//659
f 703//703 361//361 374//374
f 382//382 176//176 664//664
f 688//688 732//732 713//713
f 263//263 410//410 628//628
f 257//257 540//540 671//671
f 858//858 324//324 795//795
f 861//861 820//820 865//865
f 565//565 877//877 797//797
f 520//520 50//50 430//430
f 431//431 867//867 917//917
f 860//860 953//953 561//561
f 947//947 250//250 53//53
f 788//788 55//55 794//794
f 552//552 465//465 167//167
f 566//566 233//233 238//238
f 266//266 666//666 555//555
f 824//824 433//433 825//825
f 428//428 4//4 396//396
f 610//610 800//800 588//588
f 340//340 281//281 436//436
f 280//280 241//241 869//869
f 945//945 29//29 576//576
f 780//780 435//435 523//523
f 960//960 556//556 888//888
f 424//424 745//745 462//462
f 291//291 374//374 946//946
f 720//720 538//538 839//839
f 689//689 646//646 616//616
f 821//821 760//760 915//915
f 679//679 529//529 294//294
f 82//82 738//738 885//885
f 330//330 449//449 23//23
f 285//285 76//76 286//286
f 334//334 712//712 930//930
f 722//722 891//891 829//829
f 890//890 613//613 229//229
f 252//252 568//568 500//500
f 957//957 9//9 970//970
f 256//256 273//273 407//407
f 74//74 730//730 259//259
f 698//698 222//222 489//489
f 750//750 667//667 555//555
f 119//119 557//557 258//258
f 58//58 323//323 683//683
f 293//293 310//310 27//27
f 428//428 40//40 4//4
f 826//826 209//209 320//320
f 770//770 429//429 26//26
f 484//484 616//616 751//751
f 456//456 454//454 491//491
f 249//249 607//607 374//374
f 265//265 65//65 148//148
f 835//835 438//438 804//804
f 594//594 516//516 364//364
f 596//596 934//934 522//522
f 102//102 573//573 578//578
f 353//353 798//798 960//960
f 658//658 3//3 156//156
f 724//724 607//607 369//369
f 59//59 37//37 488//488
f 617//617 413//413 62//62
f 463//463 176//176 382//382
f 515//515 691//691 754//754
f 364//364 516//516 764//764
f 663//663 269//269 677//677
f 361//361 18//18 302//302
f 888//888 354//354 557//557
f 888//888 557//557 7//7
f 234//234 226//226 222//222
f 855//855 416//416 291//291
f 183//183 549//549 317//317
f 380//380 946//946 356//356
f 313//313 547//547 190//190
f 974//974 738//738 975//975
f 531//531 862//862 544//544
f 302//302 369//369 607//607
f 616//616 484//484 938//938
f 345//345 841//841 830//830
f 554//554 983//983 965//965
f 541//541 951//951 546//546
f 54//54 774//774 534//534
f 314//314 711//711 537//537
f 946//946 374//374 955//955
f 973//973 331//331 486//486
f 465//465 65//65 167//167
f 962//962 443//443 453//453
f 813//813 444//444 353//353
f 261//261 351//351 163//163
f 82//82 144//144 903//903
f 559//559 139//139 712//712
f 601//601 804//804 438//438
f 463//463 382//382 381//381
f 458//458 873//873 653//653
f 806//806 666//666 877//877
f 955//955 607//607 30//30
f 917//917 350//350 120//120
f 254//254 919//919 781//781
f 205//205 466//466 46//46
f 293//293 296//296 310//310
f 964//964 970//970 410//410
f 525//525 975//975 738//738
f 84//84 146//146 603//603
f 628//628 595//595 263//263
f 747//747 856//856 421//421
f 380//380 241//241 946//946
f 397//397 395//395 480//480
f 507//507 444//444 840//840
f 314//314 315//315 711//711
f 766//766 913//913 398//398
f 840//840 889//889 809//809
f 896//896 912//912 659//659
f 630//630 745//745 959//959
f 614//614 194//194 430//430
f 472//472 963//963 880//880
f 861//861 800//800 238//238
f 58//58 809//809 584//584
f 170//170 731//731 848//848
f 17//17 604//604 552//552
f 661//661 217//217 341//341
f 557//557 119//119 7//7
f 440//440 573//573 956//956
f 692//692 314//314 537//537
f 858//858 913//913 223//223
f 806//806 389//389 666//666
f 608//608 342//342 664//664
f 559//559 504//504 784//784
f 759//759 272//272 122//122
f 105//105 718//718 348//348
f 314//314 692//692 907//907
f 822//822 213//213 685//685
f 633//633 53//53 707//707
f 563//563 796//796 744//744
f 716//716 623//623 967//967
f 149//149 279//279 163//163
f 790//790 300//300 799//799
f 779//779 769//769 160//160
f 813//813 353//353 960//960
f 424//424 232//232 529//529
f 645//645 687//687 956//956
f 408//408 746//746 900//900
f 9//9 628//628 970//970
f 392//392 617//617 62//62
f 226//226 218//218 222//222
f 923//923 816//816 979//979
f 788//788 187//187 55//55
f 805//805 637//637 782//782
f 172//172 392//392 62//62
f 315//315 162//162 344//344
f 742//742 8//8 841//841
f 88//88 656//656 89//89
f 7//7 119//119 283//283
f 518//518 63//63 612//612
f 332//332 389//389 806//806
f 328//328 930//930 845//845
f 819//819 349//349 601//601
f 625//625 362//362 685//685
f 889//889 109//109 851//851
f 109//109 840//840 444//444
f 766//766 985//985 709//709
f 355//355 816//816 923//923
f 670//670 582//582 131//131
f 894//894 392//392 172//172
f 210//210 551//551 211//211
f 967//967 729//729 716//716
f 753//753 37//37 621//621
f 560//560 253//253 919//919
f 960//960 798//798 556//556
f 959//959 972//972 827//827
f 677//677 954//954 914//914
f 665//665 906//906 771//771
f 324//324 326//326 795//795
f 510//510 387//387 280//280
f 216//216 135//135 370//370
f 809//809 519//519 840//840
f 775//775 970//970 964//964
f 866//866 957//957 340//340
f 703//703 374//374 961//961
f 963//963 472//472 950//950
f 82//82 903//903 812//812
f 832//832 851//851 363//363
f 716//716 729//729 522//522
f 169//169 680//680 325//325
f 832//832 121//121 803//803
f 816//816 96//96 863//863
f 802//802 825//825 357//357
f 935//935 42//42 685//685
f 294//294 589//589 734//734
f 546//546 657//657 190//190
f 882//882 343//343 634//634
f 285//285 901//901 294//294
f 491//491 910//910 278//278
f 717//717 564//564 87//87
f 757//757 656//656 88//88
f 513//513 6//6 379//379
f 428//428 847//847 40//40
f 224//224 602//602 704//704
f 533//533 131//131 582//582
f 875//875 623//623 897//897
f 54//54 55//55 187//187
f 641//641 886//886 344//344
f 383//383 465//465 306//306
f 775//775 393//393 526//526
f 944//944 582//582 670//670
f 120//120 597//597 337//337
f 570//570 652//652 277//277
f 936//936 284//284 312//312
f 166//166 339//339 133//133
f 138//138 643//643 836//836
f 159//159 319//319 331//331
f 977//977 565//565 564//564
f 361//361 302//302 249//249
f 775//775 957//957 970//970
f 484//484 953//953 902//902
f 532//532 980//980 845//845
f 987//987 66//66 33//33
f 835//835 467//467 283//283
f 882//882 634//634 716//716
f 770//770 412//412 364//364
f 269//269 663//663 890//890
f 129//129 594//594 718//718
f 54//54 534//534 55//55
f 922//922 384//384 140//140
f 30//30 8//8 356//356
f 129//129 105//105 703//703
f 328//328 131//131 930//930
f 392//392 625//625 213//213
f 19//19 6//6 78//78
f 514//514 675//675 134//134
f 252//252 289//289 568//568
f 165//165 518//518 624//624
f 541//541 547//547 445//445
f 720//720 947//947 52//52
f 680//680 428//428 396//396
f 169//169 325//325 622//622
f 774//774 768//768 534//534
f 846//846 782//782 517//517
f 495//495 370//370 929//929
f 126//126 51//51 41//41
f 715//715 748//748 754//754
f 235//235 972//972 348//348
f 639//639 781//781 229//229
f 932//932 425//425 548//548
f 191//191 691//691 515//515
f 260//260 306//306 420//420
f 921//921 623//623 716//716
f 447//447 110//110 599//599
f 710//710 645//645 102//102
f 922//922 234//234 301//301
f 13//13 679//679 734//734
f 759//759 791//791 535//535
f 941//941 333//333 859//859
f 210//210 737//737 988//988
f 220//220 113//113 679//679
f 19//19 78//78 79//79
f 805//805 806//806 977//977
f 434//434 845//845 930//930
f 424//424 462//462 217//217
f 317//317 414//414 183//183
f 190//190 896//896 850//850
f 948//948 461//461 883//883
f 918//918 529//529 113//113
f 705//705 94//94 926//926
f 48//48 3//3 658//658
f 746//746 428//428 680//680
f 921//921 729//729 875//875
f 526//526 756//756 18//18
f 453//453 982//982 669//669
f 24//24 230//230 61//61
f 802//802 357//357 330//330
f 103//103 873//873 287//287
f 398//398 719//719 985//985
f 258//258 267//267 891//891
f 573//573 925//925 578//578
f 153//153 986//986 572//572
f 703//703 457//457 18//18
f 110//110 752//752 872//872
f 532//532 954//954 376//376
f 312//312 847//847 428//428
f 436//436 866//866 340//340
f 866//866 9//9 957//957
f 39//39 708//708 379//379
f 809//809 889//889 803//803
f 144//144 82//82 893//893
f 851//851 832//832 889//889
f 693//693 169//169 622//622
f 971//971 838//838 697//697
f 705//705 331//331 319//319
f 360//360 778//778 94//94
f 532//532 376//376 980//980
f 812//812 525//525 82//82
f 875//875 729//729 202//202
f 563//563 823//823 795//795
f 563//563 795//795 823//823
f 480//480 950//950 663//663
f 894//894 172//172 9//9
f 968//968 681//681 763//763
f 112//112 327//327 467//467
f 383//383 260//260 441//441
f 679//679 13//13 220//220
f 651//651 312//312 409//409
f 469//469 498//498 422//422
f 401//401 779//779 49//49
f 484//484 632//632 381//381
f 608//608 701//701 928//928
f 304//304 122//122 307//307
f 131//131 328//328 713//713
f 940//940 725//725 866//866
f 57//57 248//248 36//36
f 236//236 849//849 857//857
f 905//905 813//813 960//960
f 954//954 377//377 376//376
f 782//782 684//684 892//892
f 105//105 347//347 703//703
f 651//651 544//544 312//312
f 620//620 202//202 967//967
f 761//761 622//622 810//810
f 250//250 247//247 707//707
f 150//150 367//367 801//801
f 166//166 876//876 339//339
f 636//636 821//821 915//915
f 968//968 545//545 682//682
f 27//27 643//643 293//293
f 446//446 74//74 259//259
f 246//246 203//203 251//251
f 22//22 476//476 581//581
f 195//195 583//583 336//336
f 924//924 231//231 784//784
f 586//586 22//22 668//668
f 44//44 940//940 436//436
f 469//469 898//898 189//189
f 767//767 456//456 676//676
f 525//525 812//812 803//803
f 497//497 325//325 680//680
f 766//766 223//223 913//913
f 947//947 53//53 250//250
f 911//911 735//735 416//416
f 257//257 671//671 644//644
f 948//948 923//923 979//979
f 911//911 416//416 855//855
f 576//576 29//29 880//880
f 143//143 230//230 786//786
f 976//976 771//771 394//394
f 908//908 979//979 863//863
f 816//816 96//96 863//863
f 816//816 863//863 96//96
f 656//656 851//851 109//109
f 102//102 673//673 710//710
f 402//402 409//409 408//408
f 5//5 384//384 228//228
f 850//850 896//896 659//659
f 548//548 976//976 286//286
f 166//166 627//627 218//218
f 480//480 663//663 397//397
f 730//730 74//74 509//509
f 938//938 484//484 381//381
f 754//754 421//421 240//240
f 527//527 887//887 332//332
f 385//385 48//48 157//157
f 467//467 141//141 710//710
f 760//760 960//960 888//888
f 815//815 988//988 737//737
f 838//838 971//971 598//598
f 447//447 599//599 134//134
f 834//834 31//31 895//895
f 677//677 377//377 954//954
f 355//355 96//96 816//816
f 978//978 153//153 854//854
f 188//188 799//799 445//445
f 868//868 570//570 871//871
f 692//692 882//882 907//907
f 395//395 924//924 693//693
f 558//558 597//597 408//408
f 908//908 863//863 801//801
f 608//608 100//100 879//879
f 686//686 575//575 474//474
f 33//33 572//572 986//986
f 298//298 632//632 31//31
f 677//677 914//914 231//231
f 546//546 190//190 547//547
f 649//649 810//810 963//963
f 303//303 191//191 523//523
f 904//904 704//704 53//53
f 457//457 347//347 959//959
f 322//322 904//904 127//127
f 692//692 537//537 343//343
f 540//540 814//814 615//615
f 125//125 212//212 969//969
f 436//436 940//940 866//866
f 682//682 545//545 983//983
f 901//901 589//589 294//294
f 791//791 789//789 276//276
f 539//539 687//687 804//804
f 714//714 935//935 939//939
f 888//888 556//556 354//354
f 434//434 532//532 845//845
f 93//93 116//116 115//115
f 333//333 76//76 426//426
f 945//945 899//899 29//29
f 800//800 22//22 588//588
f 709//709 985//985 363//363
f 740//740 534//534 741//741
f 266//266 555//555 453//453
f 95//95 508//508 341//341
f 283//283 467//467 327//327
f 189//189 467//467 498//498
f 739//739 735//735 387//387
f 728//728 536//536 32//32
f 402//402 543//543 651//651
f 101//101 203//203 246//246
f 71//71 969//969 25//25
f 632//632 895//895 31//31
f 971//971 394//394 598//598
f 361//361 249//249 374//374
f 297//297 60//60 193//193
f 550//550 927//927 636//636
f 593//593 521//521 287//287
f 916//916 342//342 928//928
f 580//580 845//845 43//43
f 70//70 134//134 599//599
f 197//197 411//411 57//57
f 108//108 435//435 778//778
f 254//254 560//560 919//919
f 892//892 517//517 782//782
f 965//965 983//983 551//551
f 113//113 44//44 281//281
f 73//73 324//324 858//858
f 210//210 815//815 736//736
f 434//434 2//2 532//532
f 702//702 730//730 158//158
f 525//525 738//738 82//82
f 531//531 544//544 651//651
f 952//952 473//473 719//719
f 939//939 220//220 714//714
f 339//339 358//358 133//133
f 756//756 369//369 302//302
f 875//875 763//763 596//596
f 710//710 673//673 498//498
f 505//505 280//280 869//869
f 112//112 467//467 247//247
f 324//324 276//276 789//789
f 304//304 386//386 773//773
f 340//340 775//775 526//526
f 659//659 543//543 402//402
f 96//96 137//137 909//909
f 391//391 915//915 7//7
f 932//932 85//85 425//425
f 115//115 28//28 270//270
f 879//879 100//100 974//974
f 793//793 682//682 554//554
f 834//834 895//895 976//976
f 921//921 522//522 729//729
f 139//139 914//914 2//2
f 441//441 260//260 933//933
f 954//954 2//2 914//914
f 954//954 532//532 2//2
f 696//696 893//893 367//367
f 777//777 405//405 215//215
f 451//451 949//949 553//553
f 79//79 103//103 117//117
f 637//637 684//684 782//782
f 950//950 613//613 890//890
f 912//912 543//543 659//659
f 978//978 854//854 527//527
f 977//977 564//564 717//717
f 971//971 958//958 394//394
f 976//976 418//418 920//920
f 766//766 185//185 223//223
f 693//693 622//622 761//761
f 568//568 614//614 500//500
f 406//406 174//174 373//373
f 853//853 680//680 169//169
f 734//734 679//679 294//294
f 98//98 442//442 736//736
f 725//725 940//940 362//362
f 904//904 968//968 127//127
f 757//757 709//709 851//851
f 727//727 673//673 672//672
f 318//318 173//173 454//454
f 189//189 247//247 467//467
f 266//266 877//877 666//666
f 112//112 181//181 327//327
f 657//657 951//951 844//844
f 769//769 160//160 779//779
f 541//541 727//727 951//951
f 14//14 60//60 477//477
f 613//613 639//639 229//229
f 827//827 972//972 864//864
f 385//385 108//108 171//171
f 63//63 400//400 571//571
f 7//7 283//283 327//327
f 127//127 682//682 920//920
f 665//665 389//389 906//906
f 68//68 37//37 245//245
f 182//182 15//15 51//51
f 756//756 393//393 369//369
f 251//251 797//797 512//512
f 224//224 71//71 25//25
f 727//727 498//498 673//673
f 440//440 925//925 573//573
f 249//249 302//302 607//607
f 197//197 57//57 511//511
f 909//909 150//150 801//801
f 217//217 462//462 309//309
f 217//217 981//981 432//432
f 487//487 798//798 852//852
f 971//971 697//697 958//958
f 799//799 188//188 942//942
f 56//56 619//619 792//792
f 41//41 21//21 130//130
f 885//885 738//738 974//974
f 928//928 701//701 160//160
f 409//409 428//428 746//746
f 531//531 543//543 912//912
f 350//350 917//917 867//867
f 457//457 703//703 347//347
f 343//343 853//853 404//404
f 415//415 281//281 526//526
f 422//422 727//727 541//541
f 926//926 448//448 705//705
f 907//907 882//882 934//934
f 796//796 81//81 473//473
f 381//381 20//20 938//938
f 502//502 67//67 520//520
f 952//952 931//931 744//744
f 4//4 576//576 396//396
f 542//542 974//974 975//975
f 702//702 32//32 259//259
f 909//909 863//863 96//96
f 210//210 736//736 211//211
f 875//875 897//897 202//202
f 226//226 234//234 922//922
f 751//751 646//646 561//561
f 964//964 410//410 483//483
f 199//199 512//512 877//877
f 87//87 670//670 506//506
f 538//538 112//112 839//839
f 211//211 551//551 983//983
f 39//39 106//106 708//708
f 545//545 338//338 211//211
f 553//553 224//224 322//322
f 609//609 979//979 176//176
f 285//285 426//426 76//76
f 618//618 184//184 829//829
f 175//175 288//288 185//185
f 341//341 217//217 309//309
f 936//936 743//743 284//284
f 833//833 346//346 808//808
f 334//334 101//101 712//712
f 136//136 309//309 137//137
f 678//678 553//553 80//80
f 864//864 696//696 150//150
f 564//564 944//944 670//670
f 815//815 737//737 736//736
f 481//481 408//408 597//597
f 52//52 530//530 538//538
f 721//721 501//501 802//802
f 722//722 460//460 244//244
f 541//541 546//546 547//547
f 605//605 375//375 828//828
f 674//674 869//869 731//731
f 373//373 34//34 59//59
f 924//924 843//843 98//98
f 862//862 578//578 817//817
f 799//799 422//422 445//445
f 786//786 230//230 390//390
f 552//552 604//604 156//156
f 926//926 435//435 780//780
f 102//102 578//578 672//672
f 799//799 469//469 422//422
f 969//969 391//391 181//181
f 468//468 472//472 29//29
f 288//288 272//272 642//642
f 146//146 145//145 68//68
f 538//538 181//181 112//112
f 405//405 183//183 414//414
f 435//435 94//94 778//778
f 344//344 711//711 315//315
f 43//43 650//650 822//822
f 780//780 35//35 783//783
f 343//343 537//537 558//558
f 133//133 489//489 222//222
f 524//524 350//350 427//427
f 537//537 597//597 558//558
f 66//66 987//987 734//734
f 245//245 603//603 68//68
f 527//527 154//154 153//153
f 82//82 885//885 893//893
f 427//427 850//850 837//837
f 587//587 850//850 427//427
f 199//199 877//877 266//266
f 720//720 250//250 947//947
f 949//949 304//304 773//773
f 793//793 771//771 920//920
f 856//856 767//767 487//487
f 967//967 202//202 729//729
f 845//845 980//980 43//43
f 875//875 202//202 623//623
f 95//95 341//341 136//136
f 325//325 963//963 810//810
f 920//920 771//771 976//976
f 779//779 701//701 49//49
f 452//452 180//180 214//214
f 812//812 584//584 803//803
f 966//966 642//642 272//272
f 835//835 804//804 141//141
f 75//75 17//17 579//579
f 671//671 540//540 583//583
f 125//125 71//71 224//224
f 120//120 481//481 597//597
f 301//301 228//228 922//922
f 174//174 406//406 1//1
f 313//313 190//190 587//587
f 56//56 437//437 635//635
f 150//150 827//827 864//864
f 313//313 366//366 886//886
f 549//549 482//482 61//61
f 461//461 648//648 490//490
f 963//963 497//497 880//880
f 811//811 854//854 153//153
f 601//601 201//201 804//804
f 807//807 97//97 170//170
f 344//344 886//886 366//366
f 14//14 329//329 193//193
f 422//422 541//541 445//445
f 449//449 476//476 22//22
f 942//942 886//886 681//681
f 630//630 827//827 150//150
f 900//900 853//853 558//558
f 79//79 186//186 653//653
f 689//689 769//769 646//646
f 695//695 399//399 273//273
f 937//937 316//316 688//688
f 550//550 307//307 272//272
f 860//860 322//322 953//953
f 623//623 295//295 897//897
f 685//685 42//42 822//822
f 323//323 638//638 683//683
f 790//790 898//898 300//300
f 322//322 224//224 904//904
f 521//521 335//335 180//180
f 379//379 708//708 24//24
f 367//367 885//885 801//801
f 352//352 700//700 574//574
f 915//915 760//760 359//359
f 34//34 297//297 455//455
f 53//53 250//250 707//707
f 16//16 378//378 168//168
f 537//537 711//711 337//337
f 393//393 964//964 724//724
f 85//85 932//932 981//981
f 95//95 355//355 508//508
f 937//937 713//713 328//328
f 887//887 906//906 332//332
f 753//753 245//245 37//37
f 535//535 791//791 276//276
f 180//180 452//452 118//118
f 641//641 344//344 162//162
f 285//285 958//958 901//901
f 192//192 75//75 351//351
f 91//91 90//90 774//774
f 371//371 429//429 842//842
f 350//350 867//867 587//587
f 119//119 835//835 283//283
f 162//162 596//596 641//641
f 980//980 650//650 43//43
f 707//707 189//189 898//898
f 209//209 903//903 412//412
f 396//396 497//497 680//680
f 811//811 153//153 572//572
f 640//640 782//782 846//846
f 422//422 498//498 727//727
f 959//959 311//311 457//457
f 792//792 263//263 437//437
f 274//274 106//106 248//248
f 913//913 795//795 823//823
f 922//922 228//228 384//384
f 740//740 794//794 55//55
f 905//905 470//470 813//813
f 846//846 154//154 854//854
f 912//912 862//862 531//531
f 17//17 303//303 604//604
f 947//947 250//250 52//52
f 227//227 814//814 201//201
f 301//301 269//269 228//228
f 834//834 425//425 207//207
f 857//857 98//98 843//843
f 129//129 718//718 105//105
f 100//100 908//908 885//885
f 49//49 542//542 985//985
f 905//905 960//960 760//760
f 663//663 677//677 397//397
f 299//299 97//97 807//807
f 943//943 463//463 298//298
f 630//630 959//959 827//827
f 773//773 125//125 224//224
f 675//675 626//626 752//752
f 390//390 933//933 695//695
f 655//655 124//124 723//723
f 817//817 578//578 936//936
f 759//759 92//92 791//791
f 918//918 311//311 745//745
f 216//216 699//699 135//135
f 517//517 732//732 986//986
f 332//332 906//906 389//389
f 63//63 699//699 216//216
f 306//306 465//465 606//606
f 13//13 734//734 785//785
f 309//309 630//630 137//137
f 584//584 812//812 973//973
f 442//442 965//965 551//551
f 1//1 21//21 69//69
f 179//179 411//411 197//197
f 498//498 467//467 710//710
f 860//860 80//80 322//322
f 395//395 761//761 480//480
f 868//868 539//539 814//814
f 968//968 763//763 545//545
f 188//188 445//445 493//493
f 918//918 424//424 529//529
f 80//80 553//553 322//322
f 886//886 942//942 493//493
f 316//316 878//878 732//732
f 933//933 399//399 695//695
f 453//453 107//107 962//962
f 99//99 783//783 323//323
f 272//272 759//759 966//966
f 519//519 638//638 35//35
f 966//966 535//535 642//642
f 237//237 12//12 982//982
f 893//893 696//696 144//144
f 197//197 149//149 163//163
f 818//818 557//557 354//354
f 64//64 131//131 713//713
f 877//877 512//512 797//797
f 638//638 323//323 783//783
f 210//210 338//338 737//737
f 162//162 934//934 596//596
f 945//945 752//752 828//828
f 417//417 182//182 126//126
f 858//858 223//223 73//73
f 266//266 453//453 443//443
f 943//943 298//298 648//648
f 559//559 712//712 101//101
f 665//665 750//750 666//666
f 154//154 517//517 986//986
f 623//623 921//921 404//404
f 649//649 963//963 950//950
f 444//444 813//813 109//109
f 176//176 463//463 943//943
f 563//563 931//931 823//823
f 965//965 442//442 849//849
f 313//313 886//886 493//493
f 527//527 854//854 154//154
f 838//838 33//33 66//66
f 750//750 555//555 666//666
f 181//181 530//530 969//969
f 473//473 401//401 49//49
f 650//650 980//980 733//733
f 952//952 719//719 398//398
f 317//317 208//208 252//252
f 230//230 143//143 208//208
f 605//605 84//84 603//603
f 944//944 203//203 582//582
f 921//921 596//596 522//522
f 686//686 884//884 4//4
f 904//904 53//53 633//633
f 941//941 548//548 333//333
f 767//767 676//676 891//891
f 669//669 982//982 12//12
f 551//551 210//210 442//442
f 318//318 748//748 715//715
f 161//161 500//500 614//614
f 563//563 326//326 796//796
f 725//725 625//625 894//894
f 897//897 737//737 202//202
f 686//686 40//40 575//575
f 688//688 713//713 937//937
f 825//825 621//621 357//357
f 853//853 900//900 680//680
f 285//285 294//294 426//426
f 237//237 982//982 667//667
f 561//561 401//401 473//473
f 206//206 694//694 147//147
f 943//943 648//648 461//461
f 645//645 956//956 573//573
f 325//325 497//497 963//963
f 546//546 951//951 657//657
f 237//237 236//236 12//12
f 155//155 368//368 116//116
f 588//588 22//22 581//581
f 452//452 114//114 118//118
f 916//916 20//20 342//342
f 576//576 752//752 945//945
f 367//367 150//150 696//696
f 855//855 291//291 946//946
f 608//608 928//928 342//342
f 100//100 885//885 974//974
f 318//318 715//715 173//173
f 153//153 154//154 986//986
f 563//563 744//744 931//931
f 426//426 294//294 232//232
f 637//637 87//87 684//684
f 333//333 286//286 76//76
f 468//468 613//613 472//472
f 382//382 664//664 342//342
f 295//295 98//98 736//736
f 958//958 697//697 901//901
f 540//540 690//690 583//583
f 366//366 313//313 867//867
f 661//661 981//981 217//217
f 516//516 419//419 764//764
f 50//50 388//388 60//60
f 617//617 365//365 413//413
f 86//86 36//36 114//114
f 606//606 156//156 420//420
f 68//68 603//603 146//146
f 471//471 410//410 263//263
f 885//885 908//908 801//801
f 563//563 795//795 326//326
f 606//606 552//552 156//156
f 669//669 12//12 11//11
f 401//401 769//769 779//779
f 175//175 927//927 550//550
f 548//548 425//425 834//834
f 978//978 527//527 854//854
f 87//87 506//506 684//684
f 800//800 566//566 238//238
f 642//642 535//535 223//223
f 609//609 943//943 948//948
f 925//925 440//440 743//743
f 71//71 125//125 969//969
f 381//381 382//382 342//342
f 32//32 446//446 259//259
f 689//689 160//160 769//769
f 942//942 188//188 493//493
f 952//952 744//744 473//473
f 932//932 548//548 941//941
f 987//987 878//878 316//316
f 451//451 678//678 326//326
f 564//564 797//797 944//944
f 281//281 44//44 436//436
f 648//648 298//298 31//31
f 572//572 598//598 906//906
f 31//31 490//490 648//648
f 674//674 505//505 869//869
f 811//811 572//572 887//887
f 267//267 818//818 450//450
f 798//798 321//321 556//556
f 932//932 432//432 981//981
f 951//951 727//727 844//844
f 605//605 603//603 375//375
f 711//711 344//344 431//431
f 944//944 797//797 203//203
f 509//509 74//74 741//741
f 809//809 58//58 683//683
f 797//797 251//251 203//203
f 978//978 854//854 811//811
f 121//121 975//975 803//803
f 620//620 623//623 202//202
f 359//359 7//7 915//915
f 806//806 877//877 565//565
f 749//749 593//593 460//460
f 684//684 506//506 892//892
f 727//727 672//672 844//844
# 2000 faces, 0 coords texture

# End of File
